kout,S,k_drug,two_delta_nll,new_trough_day84,new_min,r_at_6h
0.7943282347242815,0.07300000000000001,0.05798596113487255,3.7786671904132225,71.70770156260608,61.859049392425455,77.31991366617719
0.7943282347242815,0.074,0.058780289369596825,3.631395417939962,71.4383427855769,61.52747847736611,77.05063474549709
0.7943282347242815,0.075,0.05957461760432111,3.5297432781451237,71.17113395587994,61.19922419831324,76.78236993466332
0.7943282347242815,0.076,0.06036894583904539,3.4729280928858017,70.90604777053038,60.87423886053843,76.51511533813444
0.7943282347242815,0.077,0.061163274073769675,3.460182398663788,70.64305741361525,60.55247566050207,76.24886707545106
0.7943282347242815,0.078,0.06195760230849395,3.4907535838673986,70.38213654501317,60.23388866567439,75.98362128117563
0.7943282347242815,0.079,0.06275193054321823,3.5639035365383656,70.12325928943105,59.9184327948976,75.71937410483493
0.7943282347242815,0.08,0.06354625877794252,3.6789083022986437,69.86640022575267,59.60606379927368,75.45612171086175
0.7943282347242815,0.081,0.0643405870126668,3.8350577520887628,69.61153437668389,59.29673785297463,75.19386027853723
0.8912509381337457,0.068,0.06060506379309471,3.643360985937144,73.2838569026507,63.33313643701465,76.69691793632573
0.8912509381337457,0.069,0.061496314731228456,3.3104036379331943,73.00379202847466,62.9834800857305,76.40168380819308
0.8912509381337457,0.07,0.062387565669362204,3.027538368382265,72.72599124789629,62.63743077157643,76.10769060788873
0.8912509381337457,0.07100000000000001,0.06327881660749594,2.793859522088102,72.45042554591195,62.29493502084307,75.81493300142951
0.8912509381337457,0.07200000000000001,0.06417006754562969,2.6084799961974454,72.17706642937723,61.95594038803885,75.52340567796331
0.8912509381337457,0.07300000000000001,0.06506131848376344,2.4705307774551195,71.9058859147794,61.62039543202218,75.23310334966703
0.8912509381337457,0.074,0.06595256942189717,2.3791604934865345,71.63685651636015,61.28824969278851,74.94402075164793
0.8912509381337457,0.075,0.06684382036003092,2.33353497760517,71.36995123458105,60.95945332397383,74.65615264184228
0.8912509381337457,0.076,0.06773507129816467,2.3328368466668974,71.10514354491846,60.63395764650447,74.36949380091697
0.8912509381337457,0.077,0.06862632223629841,2.3762650915088965,70.84240738697426,60.31171562151011,74.08403903217001
0.8912509381337457,0.078,0.06951757317443216,2.4630346795324827,70.5817171538975,59.99268049654725,73.79978316143206
0.8912509381337457,0.079,0.07040882411256591,2.5923761690099134,70.3230476821007,59.676806393253095,73.51672103696825
0.8912509381337457,0.08,0.07130007505069966,2.7635353347046703,70.06637424126646,59.364048287650675,73.23484752938063
0.8912509381337457,0.081,0.0721913259888334,2.9757728044224976,69.81167252462907,59.05436199097557,72.95415753151086
0.8912509381337457,0.082,0.07308257692696715,3.2283637061140684,69.55891863952709,58.74770413101139,72.6746459583433
0.8912509381337457,0.08299999999999999,0.07397382786510089,3.5205973251764924,69.30808909821552,58.444032133917105,72.3963077469086
1.0,0.065,0.065,3.6262593712361317,74.31224141132566,64.17650093864168,75.55784494683257
1.0,0.066,0.066,3.1870540470955033,74.02570139092609,63.81493072207328,75.23720053135722
1.0,0.067,0.067,2.8009442337019284,73.74148680283135,63.457174130254515,74.91805893165711
1.0,0.068,0.068,2.4669241439175993,73.45956786778915,63.10317335802212,74.60041292269706
1.0,0.069,0.069,2.1840095558484025,73.17991534034702,62.752871736265234,74.28425531452791
1.0,0.07,0.07,1.9512372559649962,72.90250049636764,62.406213705075224,73.96957895211428
1.0,0.07100000000000001,0.07100000000000001,1.7676644997028346,72.62729512090854,62.063144787642095,73.6563767151649
1.0,0.07200000000000001,0.07200000000000001,1.6323684888974976,72.35427149644781,61.7236114259036,73.34464151796261
1.0,0.07300000000000001,0.07300000000000001,1.5444458654399638,72.08340239145055,61.387560951363305,73.03436630919622
1.0,0.074,0.074,1.5030122205628995,71.81466104925715,61.05494258916652,72.72554407179204
1.0,0.075,0.075,1.5072016191923248,71.5480211772891,60.72570595122644,72.41816782274728
1.0,0.076,0.076,1.5561661388246124,71.28345693655962,60.3998016123003,72.11223061296309
1.0,0.077,0.077,1.6490754224081567,71.02094293147454,60.07718108789485,71.80772552707991
1.0,0.078,0.078,1.785116244734199,70.7604541999218,59.75779681276771,71.50464568331284
1.0,0.079,0.079,1.963492091856207,70.5019662036328,59.441602120005825,71.20298423328701
1.0,0.08,0.08,2.183422753083405,70.2454548188105,59.128550605294066,70.90273436187512
1.0,0.081,0.081,2.4441439251041515,69.99089632701394,58.81859759720109,70.6038892870353
1.0,0.082,0.082,2.744906827820274,69.73826740629288,58.511699155796904,70.30644225964937
1.0,0.08299999999999999,0.08299999999999999,3.0849778314842924,69.48754512256104,58.207812006735836,70.01038656336249
1.0,0.08399999999999999,0.08399999999999999,3.4636380947499896,69.23870692120224,57.906893677538456,69.71571551442314
1.1220184543019636,0.063,0.0706871626210237,3.616067945617882,75.04701276769497,64.6915064558177,74.1129543394305
1.1220184543019636,0.064,0.07180918107532568,3.1115583338148003,74.75623037445745,64.3213931869714,73.76719174582901
1.1220184543019636,0.065,0.07293119952962764,2.662207879598519,74.46780745378987,63.95525326737404,73.42323432775699
1.1220184543019636,0.066,0.0740532179839296,2.2669267204905394,74.18171394165778,63.59302538206822,73.08107238313636
1.1220184543019636,0.067,0.07517523643823157,1.924649406625556,73.89792030821714,63.234649444151884,72.74069626263343
1.1220184543019636,0.068,0.07629725489253353,1.6343342512562442,73.61639754544373,62.88006656529816,72.40209636937026
1.1220184543019636,0.069,0.07741927334683549,1.3949627022227817,73.33711715511512,62.52921902710585,72.06526315863873
1.1220184543019636,0.07,0.07854129180113746,1.2055387335890857,73.06005113714176,62.182050253251674,71.73018713761394
1.1220184543019636,0.07100000000000001,0.07966331025543942,1.0650882566860247,72.78517197822478,61.83850478241888,71.39685886507219
1.1220184543019636,0.07200000000000001,0.08078532870974138,0.9726585498319706,72.512452640839,61.49852824197826,71.06526895110737
1.1220184543019636,0.07300000000000001,0.08190734716404335,0.9273177060333357,72.24186655252335,61.162067322397526,70.73540805685191
1.1220184543019636,0.074,0.0830293656183453,0.9281540979949532,71.97338759547122,60.82906975235475,70.40726689419637
1.1220184543019636,0.075,0.08415138407264726,0.9742758598023378,71.7069900964117,60.49948427453646,70.08083622551295
1.1220184543019636,0.076,0.08527340252694923,1.064810384659546,71.44264881676904,60.17326062209599,69.75610686337939
1.1220184543019636,0.077,0.08639542098125119,1.198903838096005,71.18033894309326,59.8503494957537,69.43306967030405
1.1220184543019636,0.078,0.08751743943555315,1.3757206860768583,70.92003607775341,59.53070254151867,69.11171555845371
1.1220184543019636,0.079,0.08863945788985512,1.5944432374768347,70.6617162298814,59.214272329011415,68.79203548938155
1.1220184543019636,0.08,0.08976147634415708,1.8542712003980713,70.40535580656446,58.90101231510774,68.47402047375724
1.1220184543019636,0.081,0.09088349479845906,2.154421251833345,70.15093160427077,58.59087451824606,68.15766157109917
1.1220184543019636,0.082,0.09200551325276102,2.4941266201984886,69.89842080050757,58.28381625406163,67.84294988950671
1.1220184543019636,0.08299999999999999,0.09312753170706296,2.872636680273418,69.64780094569794,57.97979357861842,67.52987658539497
1.1220184543019636,0.08399999999999999,0.09424955016136492,3.2892165601126955,69.39904995527641,57.67876337168724,67.21843286323062
1.1220184543019636,0.08499999999999999,0.0953715686156669,3.7431467595023893,69.15214610198846,57.38068331831028,66.90860997526931
1.2589254117941675,0.062,0.07805337553123838,3.396742693370161,75.47736217185783,64.85412506185637,72.30133705514841
1.2589254117941675,0.063,0.07931230094303256,2.873463257560114,75.18466992000526,64.47929641553549,71.93178952474265
1.2589254117941675,0.064,0.08057122635482672,2.406241100180832,74.89434291487476,64.10854374060351,71.56438844951067
1.2589254117941675,0.065,0.0818301517666209,1.9939278575446209,74.60635128852704,63.74180329787921,71.19912094071005
1.2589254117941675,0.066,0.08308907717841506,1.6354019922420395,74.32066569666776,63.379012645202984,70.83597418801173
1.2589254117941675,0.067,0.08434800259020923,1.3295680601309776,74.03725730671403,63.020110605896036,70.47493545901946
1.2589254117941675,0.068,0.0856069280020034,1.0753560014185077,73.75609778620084,62.66503723811805,70.11599209879242
1.2589254117941675,0.069,0.08686585341379756,0.87172045489497,73.47715929151144,62.31373380509159,69.7591315293716
1.2589254117941675,0.07,0.08812477882559173,0.7176400944202475,73.20041445692608,61.96614274616709,69.4043412493078
1.2589254117941675,0.07100000000000001,0.0893837042373859,0.6121169868023402,72.92583638397416,61.62220764870043,69.05160883319381
1.2589254117941675,0.07200000000000001,0.09064262964918007,0.554175970246803,72.65339863108176,61.28187322071842,68.70092193119825
1.2589254117941675,0.07300000000000001,0.09190155506097424,0.5428640525886379,72.38307520350347,60.94508526434579,68.35226826860352
1.2589254117941675,0.074,0.09316048047276838,0.5772498285558045,72.11484054353068,60.611790649971105,68.00563564534556
1.2589254117941675,0.075,0.09441940588456256,0.6564229153429277,71.84866952096621,60.2819359634035,67.6610119355569
1.2589254117941675,0.076,0.09567833129635672,0.7794934058070444,71.58453742385515,59.95546986491219,67.31838508711226
1.2589254117941675,0.077,0.0969372567081509,0.9455913386241961,71.32241994946881,59.63234358864986,66.97774312117758
1.2589254117941675,0.078,0.09819618211994506,1.153866184777224,71.06229319552492,59.312508030367205,66.63907413176136
1.2589254117941675,0.079,0.09945510753173924,1.4034863497673862,70.80413365164561,58.99591503528414,66.30236628526778
1.2589254117941675,0.08,0.1007140329435334,1.6936386909726693,70.54791819104,58.682517376218165,65.96760782005504
1.2589254117941675,0.081,0.10197295835532758,2.0235280495965933,70.29362406240497,58.37226640389653,65.63478704599392
1.2589254117941675,0.082,0.10323188376712174,2.392376796676213,70.04122888203932,58.06511678382196,65.30389234403015
1.2589254117941675,0.08299999999999999,0.10449080917891589,2.7994243926398212,69.79071062616228,57.76102586249669,64.97491216574993
1.2589254117941675,0.08399999999999999,0.10574973459071006,3.243926959926071,69.54204762343149,57.45994991317643,64.64783503294692
1.2589254117941675,0.08499999999999999,0.10700866000250422,3.725156868196864,69.29521854765248,57.16184522926711,64.3226495371929
1.4125375446227548,0.061,0.08616479022198804,3.418222894210583,75.89400365346849,65.03065061251566,70.4602514766887
1.4125375446227548,0.062,0.0875773277666108,2.8681740397375064,75.59937801778742,64.65105226760473,70.0670499396683
1.4125375446227548,0.063,0.08898986531123355,2.374984214612903,75.30712524771371,64.27563470143735,69.67638582985356
1.4125375446227548,0.064,0.09040240285585631,1.9374514537455867,75.01721561182171,63.90433168862433,69.28824213601105
1.4125375446227548,0.065,0.09181494040047906,1.5544031195453254,74.7296198936933,63.537076959430024,68.90260196268068
1.4125375446227548,0.066,0.09322747794510182,1.2246950746542034,74.44430938036365,63.17380770089621,68.51944852938153
1.4125375446227548,0.067,0.09464001548972457,0.9472108822932213,74.16125585108928,62.8144620886722,68.13876516982387
1.4125375446227548,0.068,0.09605255303434733,0.7208610331216572,73.88043156642442,62.458979174241854,67.76053533112633
1.4125375446227548,0.069,0.09746509057897008,0.5445821975573275,73.60180925760254,62.107299249969586,67.38474257303804
1.4125375446227548,0.07,0.09887762812359285,0.41733650255391574,73.32536211620437,61.75936381901671,67.0113705671672
1.4125375446227548,0.07100000000000001,0.10029016566821561,0.33811083187687596,73.05106378410987,61.41511556611146,66.64040309621394
1.4125375446227548,0.07200000000000001,0.10170270321283836,0.3059161489629729,72.77888834372023,61.07449726931007,66.27182405320868
1.4125375446227548,0.07300000000000001,0.10311524075746112,0.3197868414898031,72.50881030844481,60.73745177964426,65.90561744075626
1.4125375446227548,0.074,0.10452777830208385,0.3787800868202682,72.24080461344147,60.403927982580115,65.5417673702842
1.4125375446227548,0.075,0.10594031584670661,0.481975237525063,71.97484660660308,60.07387300903567,65.18025806129772
1.4125375446227548,0.076,0.10735285339132937,0.6284732262206605,71.71091203978433,59.74723503733205,64.82107384063852
1.4125375446227548,0.077,0.10876539093595212,0.8173959889952949,71.4489770602565,59.42396051607832,64.46419914174872
1.4125375446227548,0.078,0.11017792848057488,1.047885906726071,71.18901820238948,59.103999345117,64.10961850394115
1.4125375446227548,0.079,0.11159046602519763,1.3191052636221858,70.93101237954708,58.78730538471761,63.757316571673115
1.4125375446227548,0.08,0.11300300356982039,1.6302357223572108,70.6749368761946,58.47383075953808,63.40727809382606
1.4125375446227548,0.081,0.11441554111444315,1.9804778151822506,70.42076934020818,58.16352405443698,63.05948792299005
1.4125375446227548,0.082,0.1158280786590659,2.369050450436989,70.1684877753823,57.85634109019732,62.71393101475291
1.4125375446227548,0.08299999999999999,0.11724061620368864,2.7951904339011575,69.91807053412752,57.55223895424479,62.37059242699446
1.4125375446227548,0.08399999999999999,0.1186531537483114,3.258152004453726,69.66949631035328,57.25117072267324,62.02945731918557
1.4125375446227548,0.08499999999999999,0.12006569129293415,3.7572063835280503,69.4227441325311,56.9530902206456,61.69051095169226
1.584893192461114,0.06,0.09509359154766683,3.641886420612975,76.29866171673346,65.2216783985818,68.60756941085039
1.584893192461114,0.061,0.09667848474012795,3.0571617177157444,76.0020767236894,64.83724637217327,68.19118824754987
1.584893192461114,0.062,0.09826337793258907,2.53005270812716,75.70787391591114,64.45710167600099,67.77778772901813
1.584893192461114,0.063,0.09984827112505018,2.0593095650253925,75.4160236448688,64.08117553533125,67.36734556248506
1.584893192461114,0.064,0.1014331643175113,1.6437142947153105,75.12649677016708,63.70940062308722,66.95983962482076
1.584893192461114,0.065,0.10301805750997242,1.282079803967386,74.83926464830695,63.3417110236234,66.55524796123358
1.584893192461114,0.066,0.10460295070243353,0.9732489990524571,74.55429912175475,62.97803887028649,66.15354878397791
1.584893192461114,0.067,0.10618784389489465,0.7160939151929231,74.27157250830925,62.618322795286915,65.75472047107323
1.584893192461114,0.068,0.10777273708735577,0.5095148752083756,73.99105759075633,62.26250200636393,65.3587415650313
1.584893192461114,0.069,0.10935763027981688,0.352439676195212,73.71272760680223,61.91051588694854,64.9655907715945
1.584893192461114,0.07,0.110942523472278,0.24382280312987947,73.43655623927623,61.56230444377709,64.57524695848313
1.584893192461114,0.07100000000000001,0.1125274166647391,0.18264466834111648,73.16251760659405,61.21780455625524,64.18768915415288
1.584893192461114,0.07200000000000001,0.11411230985720022,0.16791087584146713,72.89058625347425,60.87696442066137,63.80289654656144
1.584893192461114,0.07300000000000001,0.11569720304966134,0.198651509558478,72.6207371418979,60.53972821974377,63.42084848194497
1.584893192461114,0.074,0.11728209624212244,0.27392044454659326,72.35294564230668,60.20603856993047,63.04152446360363
1.584893192461114,0.075,0.11886698943458354,0.39279468030528353,72.08718752502917,59.87583960756007,62.664904150696906
1.584893192461114,0.076,0.12045188262704466,0.5543736953670322,71.8234389519293,59.54908335843923,62.29096735704792
1.584893192461114,0.077,0.12203677581950578,0.7577788223561694,71.56167646826978,59.22571726188671,61.919694049957336
1.584893192461114,0.078,0.12362166901196689,1.0021526427567204,71.30187699478614,58.905684329946936,61.5510643490253
1.584893192461114,0.079,0.12520656220442802,1.286658400659722,71.04401781995952,58.58894232430908,61.18505852498454
1.584893192461114,0.08,0.12679145539688913,1.6104794347933566,70.78807659248884,58.27544063264276,60.821656998539716
1.584893192461114,0.081,0.12837634858935024,1.9728186281698576,70.53403131395086,57.96512619434329,60.46084033921859
1.584893192461114,0.082,0.12996124178181137,2.372897874711957,70.2818603316449,57.65795967920349,60.102589264229735
1.584893192461114,0.08299999999999999,0.13154613497427245,2.809957562248875,70.03154233161749,57.3538894654023,59.746884637330396
1.584893192461114,0.08399999999999999,0.13313102816673356,3.283256071299223,69.78305633185913,57.052871694193776,59.39370746770251
1.584893192461114,0.08499999999999999,0.1347159213591947,3.792069289080893,69.5363816756698,56.7548661095996,59.04303890883745
1.7782794100389228,0.06,0.10669676460233536,3.409062129898234,76.39434496919816,65.03825788828637,66.3250912893697
1.7782794100389228,0.061,0.10847504401237429,2.840668286267224,76.09816473284344,64.65331982479968,65.88985085777233
1.7782794100389228,0.062,0.11025332342241322,2.3293620807302333,75.80434798926989,64.27270198665296,65.45805869595613
1.7782794100389228,0.063,0.11203160283245213,1.8738857920400531,75.51286562698719,63.896338919326354,65.02968606380472
1.7782794100389228,0.064,0.11380988224249106,1.4730149018384537,75.22368902637211,63.524162269573466,64.60470446558458
1.7782794100389228,0.065,0.11558816165252998,1.1255570838466769,74.93679004898331,63.15610440447944,64.18308564784701
1.7782794100389228,0.066,0.11736644106256891,0.8303512280745404,74.65214102716294,62.79209388976668,63.764801597347365
1.7782794100389228,0.067,0.11914472047260784,0.5862664986342279,74.36971475391742,62.4320728113327,63.349824538983626
1.7782794100389228,0.068,0.12092299988264675,0.39220142381228507,74.08948447306234,62.0759784058912,62.93812693375053
1.7782794100389228,0.069,0.12270127929268568,0.2470830171164442,73.81142386963162,61.723743196098155,62.52968147671397
1.7782794100389228,0.07,0.1244795587027246,0.14986592807454735,73.53550706053548,61.375309949743986,62.124461095000676
1.7782794100389228,0.07100000000000001,0.12625783811276353,0.09953162162094609,73.26170858546215,61.03062232060543,61.72243894580704
1.7782794100389228,0.07200000000000001,0.12803611752280245,0.09508758495822955,72.99000339801744,60.68961576378322,61.32358841442313
1.7782794100389228,0.07300000000000001,0.12981439693284139,0.13556656083498542,72.72036685709095,60.35223706208478,60.92788311227623
1.7782794100389228,0.074,0.13159267634288027,0.22002580622655143,72.45277471844489,60.018433861578735,60.53529687498869
1.7782794100389228,0.075,0.1333709557529192,0.347546375454433,72.18720312651817,59.68814121188365,60.14580376045479
1.7782794100389228,0.076,0.13514923516295813,0.5172324268205382,71.92362860643814,59.3613157505092,59.75937804693234
1.7782794100389228,0.077,0.13692751457299704,0.7282105518761752,71.66202805623388,59.03790049586419,59.37599423115254
1.7782794100389228,0.078,0.13870579398303598,0.9796291264825956,71.40237873924649,58.71784267143662,58.995627026444005
1.7782794100389228,0.079,0.1404840733930749,1.2706576828583924,71.14465827672898,58.4010977518375,58.61825136087556
1.7782794100389228,0.08,0.14226235280311383,1.6004863018434086,70.88884464062953,58.087605731522586,58.2438423754125
1.7782794100389228,0.081,0.14404063221315275,1.968325024642481,70.6349161465544,57.77733019682973,57.87237542209094
1.7782794100389228,0.082,0.14581891162319166,2.373403283343059,70.38285144690491,57.47021196048424,57.50382606220587
1.7782794100389228,0.08299999999999999,0.14759719103323057,2.8149693495325057,70.13262952418125,57.166214557527724,57.138170064516906
1.7782794100389228,0.08399999999999999,0.1493754704432695,3.2922898003666585,69.88422968445131,56.865283572204135,56.7753834034683
1.7782794100389228,0.08499999999999999,0.15115374985330843,3.804649001471595,69.63763155097669,56.56738150345286,56.415442257423734
1.9952623149688797,0.06,0.11971573889813278,3.2836757894138806,76.47941979481065,64.86447498098212,64.03620311824483
1.9952623149688797,0.061,0.12171100121310166,2.725377810151942,76.18360780834733,64.47909832581271,63.58438649999732
1.9952623149688797,0.062,0.12370626352807054,2.2236537157573073,75.89014262573598,64.09807461975173,63.13652202139683
1.9952623149688797,0.063,0.12570152584303942,1.7772460968920947,75.59899560926024,63.72133951687353,62.692573019315994
1.9952623149688797,0.064,0.1276967881580083,1.3849317526148024,75.31013859892279,63.34882479867188,62.2525031787456
1.9952623149688797,0.065,0.1296920504729772,1.045520605646833,75.02354390223374,62.98045313142303,61.81627652945211
1.9952623149688797,0.066,0.13168731278794607,0.7578546563643886,74.73918428426943,62.61616604301295,61.38385744266657
1.9952623149688797,0.067,0.13368257510291495,0.5208069739448808,74.45703295798953,62.25589734618187,60.95521062780615
1.9952623149688797,0.068,0.13567783741788383,0.3332807231714199,74.17706357480726,61.89957607663734,60.530301129226956
1.9952623149688797,0.069,0.13767309973285272,0.19420822546918326,73.89925021540229,61.547149160679794,60.10909432300812
1.9952623149688797,0.07,0.1396683620478216,0.10255005281385454,73.62356738077118,61.198546434374634,59.69155591376809
1.9952623149688797,0.07100000000000001,0.14166362436279048,0.057294153215964316,73.34998998350657,60.85371325623107,59.27765193150971
1.9952623149688797,0.07200000000000001,0.14365888667775936,0.057455006542907805,73.0784933392984,60.51258950680467,58.867348728497454
1.9952623149688797,0.07300000000000001,0.14565414899272824,0.10207280949855035,72.8090531586507,60.175114414255894,58.46061297616442
1.9952623149688797,0.074,0.1476494113076971,0.1902126886317712,72.54164553880697,59.84123752219186,58.05741166204862
1.9952623149688797,0.075,0.14964467362266598,0.32096394029726616,72.27624695587956,59.51089443959031,57.65771208675943
1.9952623149688797,0.076,0.15163993593763486,0.4934392965383545,72.01283425717268,59.18404158595714,57.26148186097322
1.9952623149688797,0.077,0.15363519825260374,0.7067742159072856,71.75138465370043,58.86061355274544,56.86868890245807
1.9952623149688797,0.078,0.15563046056757263,0.9601261982825751,71.49187571288478,58.54057077405537,56.47930143312692
1.9952623149688797,0.079,0.1576257228825415,1.2526741227811087,71.23428535143806,58.223849509156,56.093287976119655
1.9952623149688797,0.08,0.1596209851975104,1.5836176079038427,70.97859182841621,57.91041127687945,55.71061735291286
1.9952623149688797,0.081,0.16161624751247927,1.9521763930896765,70.72477373844288,57.600196767340215,55.33125868045806
1.9952623149688797,0.082,0.16361150982744815,2.3575897408855697,70.47281000509783,57.29316559054846,54.95518136834673
1.9952623149688797,0.08299999999999999,0.165606772142417,2.799115858977216,70.22267987446473,56.989265702941154,54.582355116004116
1.9952623149688797,0.08399999999999999,0.1676020344573859,3.276031341352434,69.97436290883338,56.68845175265299,54.21274990990823
1.9952623149688797,0.08499999999999999,0.16959729677235477,3.7876306279027014,69.72783898055364,56.390681865825435,53.84633602083762
2.23872113856834,0.06,0.13432326831410038,3.2315195679855906,76.55507557577917,64.70040869966803,61.77215556520131
2.23872113856834,0.061,0.13656198945266873,2.6782471467832645,76.25959777184904,64.31465191046733,61.30653276874535
2.23872113856834,0.062,0.13880071059123708,2.1810972021587367,75.96645187573235,63.93328086526443,60.84539364230609
2.23872113856834,0.063,0.1410394317298054,1.738818485474261,75.67560966812528,63.55623340551447,60.38869195782314
2.23872113856834,0.064,0.14327815286837375,1.350194568928381,75.38704339510625,63.183426875822676,59.936381976960476
2.23872113856834,0.065,0.1455168740069421,1.0140426975398609,75.10072575833269,62.814802549513,59.488418445849575
2.23872113856834,0.066,0.14775559514551043,0.7292126837291835,74.81662990549019,62.45028538473449,59.04475658988966
2.23872113856834,0.067,0.14999431628407878,0.49458584273995543,74.53472942098772,62.089813216860136,58.60535210860396
2.23872113856834,0.068,0.15223303742264713,0.3090739672228293,74.25499831689022,61.73331874119344,58.170161170551765
2.23872113856834,0.069,0.15447175856121548,0.17161833938382554,73.97741102408231,61.38073918176966,57.73914040829511
2.23872113856834,0.07,0.1567104796997838,0.0811887791727206,73.70194238365514,61.03201180049095,57.31224691342024
2.23872113856834,0.07100000000000001,0.15894920083835215,0.03678272705686236,73.42856763851073,60.68707615385826,56.88943823161263
2.23872113856834,0.07200000000000001,0.1611879219769205,0.03742435999217708,73.1572624251764,60.34587080354747,56.47067235778591
2.23872113856834,0.07300000000000001,0.16342664311548882,0.0821637392657717,72.88800276582296,60.008340690857885,56.05590773126209
2.23872113856834,0.074,0.16566536425405715,0.1700759889435517,72.62076506048203,59.674422321188146,55.64510323100544
2.23872113856834,0.075,0.1679040853926255,0.30026050371320623,72.35552607945428,59.34406917392952,55.238218170906606
2.23872113856834,0.076,0.17014280653119382,0.4718401849659959,72.09226295590575,59.017212258995265,54.83521229511864
2.23872113856834,0.077,0.17238152766976217,0.6839607040110551,71.83095317864334,58.69381198673919,54.43604577344275
2.23872113856834,0.078,0.17462024880833052,0.9357897913648712,71.57157458506848,58.37380491886562,54.04067919676438
2.23872113856834,0.079,0.17685896994689884,1.2265165511039773,71.31410535429963,58.057144386696336,53.649073572538384
2.23872113856834,0.08,0.1790976910854672,1.5553507993110713,71.05852400046149,57.74378211367767,53.26119032032261
2.23872113856834,0.081,0.18133641222403554,1.9215224256893162,70.80480936613581,57.433657637699596,52.876991267360914
2.23872113856834,0.082,0.18357513336260387,2.3242807774546956,70.5529406159671,57.126734286719945,52.49643864421253
2.23872113856834,0.08299999999999999,0.1858138545011722,2.7628940646570683,70.30289723042269,56.82295824937054,52.11949508042935
2.23872113856834,0.08399999999999999,0.18805257563974054,3.2366487861144275,70.0546589996981,56.52228004724098,51.746123600279894
2.23872113856834,0.08499999999999999,0.19029129677830886,3.7448491751795814,69.808206017768,56.22466138018712,51.376287618519655
2.511886431509581,0.059,0.14820129945906527,3.836333542542878,76.91988936173749,64.93658210648368,60.04822526196868
2.511886431509581,0.06,0.15071318589057486,3.2272352728119458,76.62236719844508,64.54600530316135,59.566893576486535
2.511886431509581,0.061,0.15322507232208443,2.675174828381186,76.32719196554946,64.15991757143432,59.0906508386534
2.511886431509581,0.062,0.15573695875359403,2.1788740857255022,76.03433534925004,63.77825662050461,58.619438816518915
2.511886431509581,0.063,0.1582488451851036,1.737091236348323,75.74376950005082,63.40093604435606,58.153199965818885
2.511886431509581,0.064,0.1607607316166132,1.3486195427732253,75.45546702305866,63.027898047642466,57.69187742172858
2.511886431509581,0.065,0.16327261804812276,1.012286142884701,75.16940096853061,62.65905636526455,57.235414990715945
2.511886431509581,0.066,0.16578450447963236,0.726950900546294,74.88554482266122,62.29435830832722,56.783757142493485
2.511886431509581,0.067,0.16829639091114193,0.4915053005218122,74.60387249860291,61.93372231100123,56.33684900206746
2.511886431509581,0.068,0.17080827734265153,0.30487138582023343,74.32435832771252,61.57709328578303,55.89463634188288
2.511886431509581,0.069,0.1733201637741611,0.1660007356711548,74.0469770510164,61.224401323864996,55.45706557406368
2.511886431509581,0.07,0.1758320502056707,0.07387348242253844,73.77170381088986,60.87558257818337,55.02408374274701
2.511886431509581,0.07100000000000001,0.17834393663718026,0.027497365731091072,73.49851414294159,60.53058306757629,54.59563851650944
2.511886431509581,0.07200000000000001,0.18085582306868986,0.025906822490305847,73.2273839680993,60.189326879621966,54.17167818088566
2.511886431509581,0.07300000000000001,0.18336770950019943,0.06816211101260317,72.95828958488931,59.85176925197794,53.75215163097676
2.511886431509581,0.074,0.185879595931709,0.15334846804919922,72.69120766190572,59.517847691779785,53.33700836414865
2.511886431509581,0.075,0.18839148236321857,0.2805752972954769,72.42611523046233,59.187499143625736,52.92619847281775
2.511886431509581,0.076,0.19090336879472816,0.44897538808984994,72.16298967742316,58.86067779910031,52.51967263732495
2.511886431509581,0.077,0.19341525522623773,0.6577041630726077,71.90180873820456,58.53732352263503,52.11738211889469
2.511886431509581,0.078,0.19592714165774733,0.9059389536253319,71.64255048994812,58.21737937601719,51.71927875268005
2.511886431509581,0.079,0.1984390280892569,1.1928783019640408,71.38519334485336,57.900801085758694,51.325314940890955
2.511886431509581,0.08,0.2009509145207665,1.5177412888081374,71.12971604367154,57.58753464464397,50.93544364600628
2.511886431509581,0.081,0.20346280095227606,1.8797668855957799,70.87609764935267,57.27752148465894,50.54961838406709
2.511886431509581,0.082,0.20597468738378566,2.278213330259005,70.62431754084226,56.97072235981074,50.167793218051614
2.511886431509581,0.08299999999999999,0.2084865738152952,2.7123575256174357,70.37435540702384,56.66708857366138,49.78992275133002
2.511886431509581,0.08399999999999999,0.2109984602468048,3.181494459487239,70.12619124080312,56.36656540541482,49.41596212119805
2.511886431509581,0.08499999999999999,0.21351034667831437,3.684936645642974,69.87980533332912,56.06910881893138,49.04586699248894
2.818382931264455,0.06,0.16910297587586728,3.2524899733104933,76.68222974517136,64.40109891100178,57.45569619520815
2.818382931264455,0.061,0.17192135880713175,2.6990075820305375,76.38732791575572,64.01473781407329,56.9723206913918
2.818382931264455,0.062,0.1747397417383962,2.201017468013347,76.09473284719523,63.63282006010192,56.49452283570313
2.818382931264455,0.063,0.17755812466966067,1.757288251770246,75.80441701706167,63.25528276459269,56.02223200053642
2.818382931264455,0.064,0.18037650760092513,1.366623589535334,75.51635334809433,62.882040536770894,55.55537848656821
2.818382931264455,0.065,0.1831948905321896,1.0278609478343554,75.23051519904924,62.513030468585306,55.093893510333686
2.818382931264455,0.066,0.18601327346345403,0.7398704274325838,74.94687635577948,62.14818534084298,54.63770919197178
2.818382931264455,0.067,0.1888316563947185,0.5015536344661922,74.66541102253613,61.787423243191284,54.18675854313513
2.818382931264455,0.068,0.19165003932598296,0.3118425966675624,74.38609381348755,61.43069141740165,53.74097545506422
2.818382931264455,0.069,0.19446842225724742,0.1696987226962705,74.10889974444582,61.07792287786367,53.30029468682194
2.818382931264455,0.07,0.19728680518851188,0.07411180268194517,73.83380422479874,60.72904192315576,52.86465185368765
2.818382931264455,0.07100000000000001,0.20010518811977632,0.024099048175898474,73.56078304963798,60.38399852305132,52.433983415707885
2.818382931264455,0.07200000000000001,0.20292357105104078,0.018704169793228642,73.28981239207984,60.042731037872834,52.00822666640171
2.818382931264455,0.07300000000000001,0.20574195398230524,0.056996490908928,73.02086879577189,59.70516861408844,51.587319721618655
2.818382931264455,0.074,0.20856033691356965,0.13807009584822305,72.75392916758089,59.371260481271605,51.17120150854726
2.818382931264455,0.075,0.2113787198448341,0.2610430110833255,72.48897077045629,59.0409511894888,50.759811754871905
2.818382931264455,0.076,0.21419710277609857,0.42505641801982597,72.22597121646423,58.714182739162084,50.35309097807626
2.818382931264455,0.077,0.21701548570736304,0.6292738960202309,71.96490845998804,58.390890662122835,49.95098047489105
2.818382931264455,0.078,0.2198338686386275,0.8728806943750431,71.70576079108969,58.071031089945045,49.553422310884514
2.818382931264455,0.079,0.22265225156989196,1.155083031991853,71.44850682902752,57.75455072683273,49.160359310193066
2.818382931264455,0.08,0.2254706345011564,1.4751074236276218,71.19312551592755,57.44139735274039,48.771735045390926
2.818382931264455,0.081,0.22828901743242086,1.8322000315452875,70.93959611060137,57.13151179464317,48.387493827496264
2.818382931264455,0.082,0.23110740036368532,2.2256260415247575,70.68789818250895,56.824850147081015,48.007580696112726
2.818382931264455,0.08299999999999999,0.23392578329494973,2.6546690622074403,70.43801160586163,56.521365345728796,47.63194140970319
2.818382931264455,0.08399999999999999,0.2367441662262142,3.1186305468013504,70.18991655386085,56.22100922413204,47.26052243599548
2.818382931264455,0.08499999999999999,0.23956254915747865,3.6168292362140706,69.94359349306916,55.92373456800839,46.89327094251748
3.1622776601683795,0.06,0.18973665961010278,3.2942738726488328,76.73549214832157,64.26545877209406,55.47339488241886
3.1622776601683795,0.061,0.19289893727027116,2.7377374320349706,76.44083694138382,63.878857149656326,54.9865151658664
3.1622776601683795,0.062,0.19606121493043954,2.2365133154079664,76.14847792251373,63.49673472577585,54.505741368668716
3.1622776601683795,0.063,0.1992234925906079,1.7893798627688744,75.85838785873423,63.11900625261367,54.03098813015597
3.1622776601683795,0.064,0.20238577025077628,1.3951502295307217,75.57053995396079,62.74560278483335,53.56217133660111
3.1622776601683795,0.065,0.20554804791094466,1.05267114827917,75.28490784011514,62.37645647354061,53.09920810261219
3.1622776601683795,0.066,0.20871032557111305,0.7608217421503167,75.00146556845742,62.01149393764595,52.64201675280551
3.1622776601683795,0.067,0.21187260323128143,0.5185123874260478,74.72018760113285,61.650638083264155,52.190516803755855
3.1622776601683795,0.068,0.21503488089144981,0.3246836230702639,74.44104880292579,61.29383154583891,51.74462894621854
3.1622776601683795,0.069,0.2181971585516182,0.17830510504246155,74.16402443321476,60.94100791119572,51.30427502762013
3.1622776601683795,0.07,0.22135943621178658,0.07837460333242796,73.88909013812281,60.59210024859161,50.86937803481372
3.1622776601683795,0.07100000000000001,0.22452171387195496,0.023917039763522663,73.61622194285862,60.24703763716179,50.43986207709381
3.1622776601683795,0.07200000000000001,0.22768399153212335,0.013983564707079621,73.34539624424129,59.90576735031042,50.01565236946787
3.1622776601683795,0.07300000000000001,0.23084626919229173,0.04765067094369546,73.07658980340426,59.568228424169696,49.59667521618037
3.1622776601683795,0.074,0.2340085468524601,0.12401934299201023,72.80977973867435,59.23436117010747,49.18285799448488
3.1622776601683795,0.075,0.23717082451262844,0.242214240310048,72.54494351861919,58.904104396323305,48.7741291386615
3.1622776601683795,0.076,0.24033310217279683,0.40138291284967464,72.28205895525883,58.57739720058872,48.370418124275155
3.1622776601683795,0.077,0.2434953798329652,0.6006950475209631,72.0211041974386,58.25419030117835,47.97165545267088
3.1622776601683795,0.078,0.2466576574931336,0.8393417441909148,71.76205772435576,57.934428804606355,47.57777263570344
3.1622776601683795,0.079,0.24981993515330198,1.1165348199093974,71.50489833923842,57.61805894108349,47.18870218069716
3.1622776601683795,0.08,0.2529822128134704,1.4315061401169662,71.2496051631709,57.305028036854495,46.80437757563181
3.1622776601683795,0.081,0.25614449047363874,1.7835069756489719,70.99615762906245,56.99528448732658,46.42473327455269
3.1622776601683795,0.082,0.25930676813380715,2.1718073844079786,70.74453547575435,56.688772905590355,46.04970468320009
3.1622776601683795,0.08299999999999999,0.26246904579397545,2.5956956166291194,70.4947187422627,56.38544713444721,45.67922814485517
3.1622776601683795,0.08399999999999999,0.26563132345414386,3.054477542714892,70.24668776215256,56.0852604492218,45.3132409263995
3.1622776601683795,0.08499999999999999,0.2687936011143122,3.5474761026643744,70.0004231580407,55.7881652721402,44.95168120458461
3.548133892335755,0.06,0.2128880335401453,3.3436291219573597,76.78288940978571,64.13878316765707,53.65224790433456
3.548133892335755,0.061,0.21643616743248106,2.7831868218572486,76.48845633686618,63.75198406656598,53.16543683973679
3.548133892335755,0.062,0.2199843013248168,2.2779477502002785,76.19631002507242,63.36967742204554,52.68522099934994
3.548133892335755,0.063,0.22353243521715258,1.826698276973755,75.90642349774124,62.991795895724486,52.21149892686339
3.548133892335755,0.064,0.22708056910948832,1.4282592825924816,75.61877020783592,62.618264596518834,51.74417081001651
3.548133892335755,0.065,0.2306287030018241,1.081484920262172,75.33332402928768,62.24901028081887,51.28313845327548
3.548133892335755,0.066,0.23417683689415986,0.7852614312240931,75.05005924854859,61.883955696523344,50.828305250971034
3.548133892335755,0.067,0.2377249707864956,0.5385060103241306,74.76895055635151,61.52303217027892,50.37957616088861
3.548133892335755,0.068,0.24127310467883137,0.3401657194839447,74.4899730396684,61.166175722459364,49.93685767830338
3.548133892335755,0.069,0.2448212385711671,0.18921644677911664,74.21310217386399,60.8133192855639,49.5000578104527
3.548133892335755,0.07,0.24836937246350288,0.08466190894878323,73.93831381503766,60.464397234320636,49.06908605143852
3.548133892335755,0.07100000000000001,0.25191750635583865,0.025532695275442885,73.66558419254918,60.119345348399804,48.643853357552295
3.548133892335755,0.07200000000000001,0.2554656402481744,0.010885350879849653,73.39488990172079,59.77809866435081,48.22427212301567
3.548133892335755,0.07300000000000001,0.25901377414051013,0.03980149757727314,73.12620789671507,59.44059279145578,47.81025615612891
3.548133892335755,0.074,0.26256190803284585,0.11138699053719048,72.85951548357954,59.1067729088791,47.40172065582164
3.548133892335755,0.075,0.2661100419251816,0.22477110907836528,72.59479031345408,58.77658007131272,46.9985821885974
3.548133892335755,0.076,0.2696581758175174,0.37910578001660733,72.33201037593929,58.44995656768781,46.60075866586674
3.548133892335755,0.077,0.27320630970985316,0.5735648320636466,72.07115399261826,58.12684589008397,46.20816932166131
3.548133892335755,0.078,0.27675444360218887,0.8073432798510392,71.81219981072891,57.807192703549916,45.820734690723114
3.548133892335755,0.079,0.28030257749452464,1.0796566362257098,71.5551267969831,57.49094281680648,45.438376586961894
3.548133892335755,0.08,0.2838507113868604,1.3897402515321446,71.29991423152711,57.17804315380257,45.061018082275375
3.548133892335755,0.081,0.2873988452791962,1.7368486786595234,71.0465417020419,56.868441726096606,44.68858348572476
3.548133892335755,0.082,0.29094697917153195,2.120255062695468,70.7949890979763,56.56208760603616,44.32099832306138
3.548133892335755,0.08299999999999999,0.2944951130638676,2.539250554082623,70.54523660491326,56.25893090071042,43.958189316596325
3.548133892335755,0.08399999999999999,0.2980432469562034,2.99314374423305,70.29726469906205,55.95892272665036,43.600084365409394
3.548133892335755,0.08499999999999999,0.30159138084853915,3.481260122602717,70.05105414187535,55.66201518525259,43.24661252588998
3.981071705534973,0.06,0.23886430233209838,3.3947350697275755,76.82507343217497,64.0207230790387,52.019628234882255
3.981071705534973,0.061,0.24284537403763334,2.830090439062939,76.53084017871615,63.63375245067154,51.536182998694834
3.981071705534973,0.062,0.24682644574316834,2.3205910239466623,76.23888528227296,63.251304243965684,51.05976305593188
3.981071705534973,0.063,0.25080751744870333,1.8650292302360452,75.94918199328272,62.873301100584584,50.59024997219729
3.981071705534973,0.064,0.2547885891542383,1.4622316645534608,75.66170398541861,62.4996653636609,50.12752743690952
3.981071705534973,0.065,0.25876966085977327,1.1110579056402599,75.37642534713025,62.130319971812355,49.671481224051824
3.981071705534973,0.066,0.26275073256530823,0.8103993289800031,75.09332057338922,61.76519818862692,49.22199915366047
3.981071705534973,0.067,0.2667318042708432,0.5591779820341936,74.81236455763383,61.404229300305545,48.77897105403594
3.981071705534973,0.068,0.2707128759763782,0.35634550758013495,74.5335325839071,61.04734414258715,48.342288724664265
3.981071705534973,0.069,0.2746939476819132,0.2008821127787963,74.25680031918304,60.69447505990414,47.91184589983419
3.981071705534973,0.07,0.27867501938744815,0.09179558172881985,73.98214380587596,60.345555865789926,47.48753821293764
3.981071705534973,0.07100000000000001,0.2826560910929831,0.02812032938659459,73.70953945452672,60.000521804498256,47.069263161440276
3.981071705534973,0.07200000000000001,0.2866371627985181,0.008916494845295775,73.438964036662,59.65930951379047,46.656920072509294
3.981071705534973,0.07300000000000001,0.29061823450405305,0.033269072075591266,73.17039467782148,59.32185698885232,46.250410069286325
3.981071705534973,0.074,0.294599306209588,0.10028707633151979,72.90380885074806,58.98810354730137,45.84963603779277
3.981071705534973,0.075,0.298580377915123,0.20910274452141708,72.63918436873698,58.65798979524778,45.45450259445612
3.981071705534973,0.076,0.30256144962065795,0.35887076793416806,72.37649937913868,58.33145759437437,45.06491605424497
3.981071705534973,0.077,0.3065425213261929,0.5487675557966438,72.11573235701285,58.00845002999967,44.680784399401716
3.981071705534973,0.078,0.3105235930317279,0.7779905282177322,71.85686209892756,57.68891138009269,44.30201724876083
3.981071705534973,0.079,0.3145046647372629,1.0457574371510772,71.5998677169006,57.372787085207015,43.9285258276427
3.981071705534973,0.08,0.3184857364427979,1.3513057140796403,71.34472863247981,57.060023719304105,43.560222938311085
3.981071705534973,0.081,0.32246680814833284,1.69389184319252,71.09142457095706,56.750568961435334,43.19702293098421
3.981071705534973,0.082,0.3264478798538678,2.0727907588884733,70.83993555571365,56.44437156825623,42.83884167538875
3.981071705534973,0.08299999999999999,0.3304289515594027,2.487295266500341,70.59024190269312,56.141381347343895,42.48559653284629
3.981071705534973,0.08399999999999999,0.3344100232649377,2.936715485191087,70.34232421499784,55.84154913129264,42.137206328882485
3.981071705534973,0.08499999999999999,0.3383910949704727,3.4203783120262665,70.09616337760689,55.544826752561114,41.79359132634888
4.466835921509633,0.06,0.268010155290578,3.4441604261392538,76.86262259427183,63.91091057674502,50.59576549420626
4.466835921509633,0.061,0.27247699121208757,2.8753714482693873,76.56856888624554,63.52379657654303,50.11848719082326
4.466835921509633,0.062,0.2769438271335972,2.3617022828237455,76.2767860437647,63.14122481298855,49.648587104255895
4.466835921509633,0.063,0.28141066305510687,1.9019495701413716,75.98724751859099,62.76311723940985,49.185929610574405
4.466835921509633,0.064,0.2858774989766165,1.494943885029873,75.69992718009449,62.38939756842382,48.73038176913425
4.466835921509633,0.065,0.2903443348981261,1.1395485205327902,75.41479930696794,62.01999122422358,48.28181326753823
4.466835921509633,0.066,0.29481117081963576,0.834658324729403,75.13183857914059,61.654825296376416,47.84009636775006
4.466835921509633,0.067,0.2992780067411454,0.5791985878709576,74.85102006988463,61.29382849507805,47.40510585333473
4.466835921509633,0.068,0.30374484266265506,0.3721239773093432,74.57231923811013,60.93693110781294,46.97671897780244
4.466835921509633,0.069,0.3082116785841647,0.21241751781979845,74.29571192084286,60.58406495736914,46.55481541403213
4.466835921509633,0.07,0.3126785145056743,0.09908961505440694,74.0211743258788,60.235163361163394,46.13927720475219
4.466835921509633,0.07100000000000001,0.31714535042718395,0.031177119989888036,73.74868302461255,59.89016109182725,45.72998871405583
4.466835921509633,0.07200000000000001,0.3216121863486936,0.007742432353009088,73.4782149450327,59.54899433901355,45.32683657992904
4.466835921509633,0.07300000000000001,0.32607902227020324,0.02787264111894383,73.2097473648808,59.211600672379184,44.92970966777
4.466835921509633,0.074,0.3305458581917128,0.090678700282802,72.9432579049689,58.877919005704,44.53849902487913
4.466835921509633,0.075,0.33501269411322243,0.1952946382039673,72.67872452265212,58.547889562107585,44.15309783589849
4.466835921509633,0.076,0.3394795300347321,0.34087679891546463,72.41612550545071,58.221453840325374,43.77340137918154
4.466835921509633,0.077,0.34394636595624173,0.5266031138782661,72.15543946481908,57.89855458200906,43.399306984072616
4.466835921509633,0.078,0.3484132018777514,0.7516724027417712,71.8966453300562,57.5791357400155,43.03071398907751
4.466835921509633,0.079,0.35288003779926097,1.0153037017505353,71.63972234235528,57.263142447652186,42.66752370090635
4.466835921509633,0.08,0.3573468737207706,1.3167356185082841,71.3846500489875,56.95052098884559,42.309639354369615
4.466835921509633,0.081,0.36181370964228027,1.6552257118796434,71.13140829761753,56.641218769202574,41.95696607311029
4.466835921509633,0.082,0.3662805455637899,2.0300498958746243,70.87997723074601,56.335184287934865,41.60941083115385
4.466835921509633,0.08299999999999999,0.37074738148529945,2.4405018664204396,70.63033728027702,56.03236122166242,41.266882415259055
4.466835921509633,0.08399999999999999,0.3752142174068091,2.885892549983649,70.38246916220602,55.7327033038245,40.92929138805221
4.466835921509633,0.08499999999999999,0.37968105332831875,3.3655495730585248,70.13635387142598,55.43616422674262,40.596550051929306
5.011872336272725,0.06,0.30071234017636345,3.4901759824273153,76.89605020801758,63.80894306443275,49.3918497837211
5.011872336272725,0.061,0.3057242125126362,2.9174957109079944,76.60215767125514,63.42171150758514,48.92285147152268
5.011872336272725,0.062,0.3107360848489089,2.399928020844072,76.31052932262305,63.039040922786526,48.461494177118524
5.011872336272725,0.063,0.31574795718518167,1.936272430217148,76.02113879244644,62.66085265193285,48.007625698126695
5.011872336272725,0.064,0.3207598295214544,1.5253621847147798,75.73396012369648,62.28706982704135,47.561097141897356
5.011872336272725,0.065,0.32577170185772714,1.166063053705527,75.44896776385862,61.917617321267784,47.121762850347245
5.011872336272725,0.066,0.33078357419399984,0.8572721786936972,75.16613655699155,61.55242170149826,46.68948032654255
5.011872336272725,0.067,0.33579544653027255,0.5979169715608648,74.88544173597735,61.191411182459476,46.264110162988324
5.011872336272725,0.068,0.3408073188665453,0.3869540600593484,74.60685891495243,60.834515582292745,45.84551597158516
5.011872336272725,0.069,0.345819191202818,0.22336827816852467,74.33036408191842,60.4816662795402,45.4335643152127
5.011872336272725,0.07,0.35083106353909077,0.1061716990642092,74.05593359152502,60.13279617149271,45.028124640902575
5.011872336272725,0.07100000000000001,0.3558429358753635,0.03440270857874106,73.78354415802175,59.78783505155224,44.62906921456282
5.011872336272725,0.07200000000000001,0.36085480821163624,0.007125117150979188,73.51317284837309,59.4467207256234,44.23627305721684
5.011872336272725,0.07300000000000001,0.36586668054790894,0.023427308378284106,73.24479707553323,59.10939224601582,43.84961388272264
5.011872336272725,0.074,0.3708785528841816,0.08242142238850803,72.9783945918757,58.775788185150006,43.46897203693561
5.011872336272725,0.075,0.37589042522045435,0.18324257234943175,72.7139434827736,58.44584844478528,43.094230438282075
5.011872336272725,0.076,0.38090229755672705,0.32504809252645916,72.45142216032657,58.11951422156845,42.72527451971048
5.011872336272725,0.077,0.3859141698929998,0.5070168163862641,72.19080935723073,57.796727973646725,42.3619921719869
5.011872336272725,0.078,0.3909260422292725,0.7283483833273605,71.93208412078727,57.47743338830665,42.00427368830381
5.011872336272725,0.079,0.3959379145655453,0.98826257269419,71.67522580704667,57.16157535060557,41.652011710171536
5.011872336272725,0.08,0.400949786901818,1.2859986638049352,71.42021407508412,56.84909027089152,41.30510117456145
5.011872336272725,0.081,0.4059616592380907,1.6208148207905073,71.16702888140316,56.53993120100054,40.96343926227198
5.011872336272725,0.082,0.41097353157436345,1.9919875011066468,70.91565047446488,56.234049395550485,40.62692534748865
5.011872336272725,0.08299999999999999,0.4159854039106361,2.398810886640877,70.6660593893375,55.93139422680553,40.29546094850995
5.011872336272725,0.08399999999999999,0.4209972762469088,2.84059633639289,70.4182364424655,55.63191612155227,39.96894967961161
5.011872336272725,0.08499999999999999,0.42600914858318156,3.3166718597597855,70.17216272655278,55.33556653500072,39.64729720402289
5.011872336272725,0.086,0.43102102091945427,3.8263816095080356,69.92781960555962,55.04228636420845,39.3304111879882
5.623413251903491,0.06,0.33740479511420945,3.5321390656555955,76.92581198447256,63.71442002552149,48.40883210222536
5.623413251903491,0.061,0.343028208366113,2.955904497442946,76.63206400210886,63.32708885685312,47.949406163024
5.623413251903491,0.062,0.34865162161801644,2.4347838713225993,76.34057425640094,62.94433637509706,47.49778823886402
5.623413251903491,0.063,0.35427503486991996,1.9675786990887802,76.05131653612204,62.56608338986451,47.053811050518725
5.623413251903491,0.064,0.3598984481218234,1.553124067082193,75.76426503831297,62.19225253039075,46.617311297765966
5.623413251903491,0.065,0.36552186137372694,1.190287442386187,75.47939436028227,61.822768195381684,46.18812955964279
5.623413251903491,0.066,0.37114527462563046,0.8779675308820285,75.19667949179582,61.45755650449909,45.766110197273555
5.623413251903491,0.067,0.3767686878775339,0.6150931844998486,74.91609580744998,61.09654525142562,45.35110125920413
5.623413251903491,0.068,0.38239210112943745,0.40062235515898714,74.63761905922442,60.73966385845239,44.94295438917654
5.623413251903491,0.069,0.3880155143813409,0.23354109303768222,74.36122536920826,60.38683662247512,44.54152473628002
5.623413251903491,0.07,0.39363892763324443,0.11286258695008389,74.08689122249604,60.03799691829269,44.14667086741591
5.623413251903491,0.07100000000000001,0.3992623408851479,0.03762624473593634,73.81459346024752,59.69308376124413,43.75825468201599
5.623413251903491,0.07200000000000001,0.4048857541370514,0.006896811689047988,73.54430927290915,59.352032650655936,43.37614132895505
5.623413251903491,0.07300000000000001,0.41050916738895493,0.019763525162100226,73.27601619358947,59.014780508291764,43.0001991256004
5.623413251903491,0.074,0.41613258064085834,0.07533930359109298,73.00969209158688,58.68126564097001,42.630299478941936
5.623413251903491,0.075,0.4217559938927618,0.17275996828067997,72.74531516606584,58.35142603693059,42.26631680874879
5.623413251903491,0.076,0.4273794071446653,0.3111834963838731,72.48286393987544,58.0251887979897,41.90812847269914
5.623413251903491,0.077,0.4330028203965688,0.4897893035963643,72.22231725350792,57.70251073148613,41.555614693431636
5.623413251903491,0.078,0.4386262336484723,0.7077775551662087,71.96365425919376,57.3833353214885,41.208658487468256
5.623413251903491,0.079,0.4442496469003758,0.964368503896365,71.70685441512937,57.06760726689459,40.86714559595965
5.623413251903491,0.08,0.4498730601522793,1.2588018538879866,71.4518974798324,56.75527245053685,40.530964417205205
5.623413251903491,0.081,0.4554964734041828,1.5903361488405467,71.19876350662436,56.4462574983743,40.200005940901434
5.623413251903491,0.082,0.4611198866560863,1.958248183786644,70.94743283823472,56.14052929456299,39.87416368407377
5.623413251903491,0.08299999999999999,0.46674329990798974,2.36183243919986,70.69788610152396,55.83803775060756,39.55333362864759
5.623413251903491,0.08399999999999999,0.4723667131598932,2.800400536468093,70.45010420232303,55.538733181449864,39.23741416061565
5.623413251903491,0.08499999999999999,0.4779901264117967,3.2732807137788704,70.20406832038583,55.24255385769852,38.92630601076046
5.623413251903491,0.086,0.4836135396637002,3.779817321510797,69.95975990445184,54.94945320217806,38.61991219689084
6.309573444801933,0.06,0.378574406688116,3.5700076333166857,76.95231262416908,63.626919039466124,47.63721712161363
6.309573444801933,0.061,0.3848839801329179,2.9905729739347704,76.65869419605283,63.23950680644545,47.18778869832957
6.309573444801933,0.062,0.39119355357771984,2.46625682480752,76.36732870035915,62.856690909016436,46.746242655156315
6.309573444801933,0.063,0.39750312702252183,1.9958621749766796,76.0781900665208,62.478391720504185,46.312398971918725
6.309573444801933,0.064,0.40381270046732376,1.5782254734765364,75.79125262836884,62.104531462237034,45.88608228435344
6.309573444801933,0.065,0.4101222739121257,1.2122154434921013,75.5064911162508,61.735032790154314,45.46712175578524
6.309573444801933,0.066,0.4164318473569276,0.8967319478265288,75.22388064933256,61.369807188674585,45.05535095246719
6.309573444801933,0.067,0.42274142080172955,0.6307049030507592,74.94339672808195,61.00879666707315,44.6506077224772
6.309573444801933,0.068,0.4290509942465315,0.41309323986246005,74.66501522692695,60.65193032784134,44.25273407806835
6.309573444801933,0.069,0.43536056769133347,0.24288390732724197,74.38871238708415,60.29913888183103,43.861576081371034
6.309573444801933,0.07,0.4416701411361354,0.1190909188092173,74.11446480955365,59.95035460497104,43.47698373335063
6.309573444801933,0.07100000000000001,0.4479797145809373,0.04075443752589214,73.84224944827504,59.60549449781589,43.09881086592477
6.309573444801933,0.07200000000000001,0.45428928802573926,0.006939899779418335,73.57204360344011,59.264504959990774,42.72691503714953
6.309573444801933,0.07300000000000001,0.4605988614705412,0.016737174027697366,73.30382491495881,58.92732721981678,42.36115742938387
6.309573444801933,0.074,0.46690843491534306,0.06925975406159401,73.03757135607356,58.59389939119785,42.00140275034696
6.309573444801933,0.075,0.473218008360145,0.1636439846517017,72.7732612271183,58.26415375744264,41.64751913698382
6.309573444801933,0.076,0.4795275818049469,0.2990483181192318,72.51087314941863,57.938019651633105,41.2993780620574
6.309573444801933,0.077,0.48583715524974885,0.4746526003695466,72.25038605932896,57.61545664465467,40.95685424338876
6.309573444801933,0.078,0.4921467286945508,0.6896573850081049,71.99177920240284,57.29640809747741,40.61982555566761
6.309573444801933,0.079,0.49845630213935277,0.943283274231947,71.73503212769415,56.98081044454639,40.28817294475915
6.309573444801933,0.08,0.5047658755841546,1.2347702852610372,71.48012468218393,56.66859638329895,39.96178034443507
6.309573444801933,0.081,0.5110754490289566,1.5633772411394018,71.22703700533143,56.35973286327374,39.64053459545763
6.309573444801933,0.082,0.5173850224737585,1.9283811847978614,70.97574952374468,56.05416797224508,39.32432536694946
6.309573444801933,0.08299999999999999,0.5236945959185604,2.329076815328252,70.72624294596827,55.75183080311508,39.01304507998267
6.309573444801933,0.08399999999999999,0.5300041693633624,2.7647759454746117,70.47849825738524,55.45267877404902,38.706588833322584
6.309573444801933,0.08499999999999999,0.5363137428081642,3.2348069793969723,70.23249671523006,55.156674880972616,38.40485433126463
6.309573444801933,0.086,0.5426233162529662,3.738514409813268,69.98821984370977,54.86376356646623,38.10774181350308
7.07945784384138,0.06,0.4247674706304828,3.60401530602239,76.97591163524372,63.54603856659703,47.058023284983165
7.07945784384138,0.061,0.4318469284743242,3.021718590542725,76.68240924197094,63.15857122586627,46.61820479262711
7.07945784384138,0.062,0.4389263863181656,2.49454563570013,76.39115505388052,62.77569737708579,46.1862626140005
7.07945784384138,0.063,0.44600584416200695,2.0213006184580125,76.10212312532144,62.39735575477293,45.76200695574315
7.07945784384138,0.064,0.45308530200584834,1.600821085562763,75.81528791161999,62.02346919756609,45.34525332202246
7.07945784384138,0.065,0.46016475984968974,1.2319767738911516,75.5306242613004,61.653961430063646,44.93582235481111
7.07945784384138,0.066,0.46724421769353114,0.913668481664903,75.24810740848709,61.288747185594254,44.53353967919369
7.07945784384138,0.067,0.47432367553737254,0.6448269879376567,74.96771296548413,60.92774818682006,44.138235753538495
7.07945784384138,0.068,0.4814031333812139,0.4244120179110864,74.68941691552692,60.570908195779865,43.74974572437852
7.07945784384138,0.069,0.4884825912250553,0.251411251782351,74.41319560570074,60.21815772404841,43.367909285848945
7.07945784384138,0.07,0.49556204906889667,0.12483937495502295,74.1390257400226,59.86941675634138,42.992570543534356
7.07945784384138,0.07100000000000001,0.502641506912738,0.043737167573727254,73.86688437268145,59.52461212598628,42.62357788258392
7.07945784384138,0.07200000000000001,0.5097209647565795,0.00717063145585195,73.5967489014325,59.18369644333409,42.260783839956495
7.07945784384138,0.07300000000000001,0.5168004226004208,0.01423015260498417,73.32859706114199,58.84660630035175,41.90404498066321
7.07945784384138,0.074,0.5238798804442621,0.06402969759165478,73.06240691747746,58.513254071142235,41.553221777878456
7.07945784384138,0.075,0.5309593382881035,0.15570604218200068,72.79815686074124,58.18359521166269,41.20817849679523
7.07945784384138,0.076,0.5380387961319449,0.2884180306855164,72.5358255998413,57.857578543364994,40.868783082104244
7.07945784384138,0.077,0.5451182539757863,0.46134586457546045,72.27539215639771,57.53513222324753,40.5349070489809
7.07945784384138,0.078,0.5521977118196276,0.6736904190155553,72.01683585898024,57.21618933623145,40.20642537746656
7.07945784384138,0.079,0.5592771696634691,0.9246725859991463,71.76013633747361,56.90071704126068,39.88321641013637
7.07945784384138,0.08,0.5663566275073104,1.213532642876455,71.50527351756779,56.588653022977795,39.56516175294756
7.07945784384138,0.081,0.5734360853511519,1.5395296451115974,71.2522276153691,56.2799195209158,39.252146179166516
7.07945784384138,0.082,0.5805155431949932,1.9019408421706259,71.00097913212979,55.97449586859305,38.94405753627596
7.07945784384138,0.08299999999999999,0.5875950010388346,2.300061115500275,70.75150884909287,55.67232288652456,38.64078665576709
7.07945784384138,0.08399999999999999,0.5946744588826759,2.733202437611145,70.50379782244902,55.37332384977297,38.34222726572418
7.07945784384138,0.08499999999999999,0.6017539167265172,3.2006933513291687,70.25782737840288,55.0774839651083,38.04827590611275
7.07945784384138,0.086,0.6088333745703587,3.7018784683282657,70.0135791083462,54.78474066968328,37.758831846684416
7.943282347242818,0.06,0.47659694083456905,3.6344900751232947,76.99692847127848,63.4713667740453,46.64488699105804
7.943282347242818,0.061,0.48454022318181184,3.0496403734244737,76.70352994460872,63.08384797956429,46.2136304421103
7.943282347242818,0.062,0.4924835055290547,2.5199194126069346,76.41237541019622,62.70093637689205,45.790183380293236
7.943282347242818,0.063,0.5004267878762975,2.044132384779618,76.12343903336455,62.32256804792824,45.37434950259938
7.943282347242818,0.064,0.5083700702235403,1.6211177764707108,75.8366953773869,61.94867152651931,44.96593836570762
7.943282347242818,0.065,0.5163133525707831,1.2497461939947474,75.55211939579718,61.579164374044595,44.56476519395856
7.943282347242818,0.066,0.524256634918026,0.9289192393327914,75.26968642488046,61.21394754212668,44.17065069396647
7.943282347242818,0.067,0.5321999172652688,0.6575684339584105,74.98937217633753,60.85297674892975,43.7834208756304
7.943282347242818,0.068,0.5401431996125117,0.43465418819084745,74.71115273011799,60.49618076554231,43.40290687931648
7.943282347242818,0.069,0.5480864819597545,0.25916481379976664,74.43500452741876,60.143457087270555,43.028944808991675
7.943282347242818,0.07,0.5560297643069972,0.13011557771598503,74.16090436384279,59.79476226177437,42.66137557109709
7.943282347242818,0.07100000000000001,0.5639730466542401,0.04654779482587634,73.88882938271296,59.450036478517404,42.300044718956414
7.943282347242818,0.07200000000000001,0.5719163290014829,0.007527957942116581,73.61875706853918,59.10918474561583,41.944802302523236
7.943282347242818,0.07300000000000001,0.5798596113487258,0.01214690315098732,73.3506652406316,58.772159153853856,41.59550272327724
7.943282347242818,0.074,0.5878028936959685,0.05951900883664263,73.08453204685935,58.43891044052067,41.25200459408685
7.943282347242818,0.075,0.5957461760432113,0.14878142677762018,72.8203359575483,58.10934392991638,40.9141706038619
7.943282347242818,0.076,0.6036894583904541,0.2790933437984646,72.55805575951489,57.7834204600953,40.58186738682714
7.943282347242818,0.077,0.6116327407376969,0.4496352725427686,72.29767055023417,57.46109424625764,40.25496539625239
7.943282347242818,0.078,0.6195760230849398,0.6596083700112185,72.03915973213621,57.14226353543185,39.93333878248236
7.943282347242818,0.079,0.6275193054321826,0.908233782581394,71.78250300702842,56.826911610086924,39.61686527511372
7.943282347242818,0.08,0.6354625877794254,1.1947520162940592,71.52768037064105,56.51497870172196,39.30542606917312
7.943282347242818,0.081,0.6434058701266683,1.5184223312558216,71.27467210729242,56.2063789799139,38.998905715155395
7.943282347242818,0.082,0.6513491524739111,1.878522159067669,71.02345878466998,55.901101751966394,38.6971920127851
7.943282347242818,0.08299999999999999,0.6592924348211537,2.2743465422460867,70.77402124872573,55.59906407131117,38.400175908371246
7.943282347242818,0.08399999999999999,0.6672357171683966,2.7052075946572023,70.52634061868152,55.300224058503545,38.10775139562797
7.943282347242818,0.08499999999999999,0.6751789995156394,3.1704339820343774,70.28039828214304,55.0045524996099,37.8198154198399
7.943282347242818,0.086,0.6831222818628823,3.669370421697063,70.03617589031808,54.711950055184566,37.5362677852545
8.91250938133746,0.06,0.5347505628802476,3.6617711100948886,77.01564707017955,63.40252103253379,46.36704645538474
8.91250938133746,0.061,0.5436630722615851,3.074646078042579,76.72234147092155,63.014951072413155,45.94286927217181
8.91250938133746,0.062,0.5525755816429225,2.542654243327472,76.43127610940593,62.632008591269866,45.526397921905875
8.91250938133746,0.063,0.5614880910242599,2.064601692662655,76.14242524957734,62.253634138167534,45.11743273722836
8.91250938133746,0.064,0.5704006004055974,1.639327741643593,75.85576355064819,61.879729815881504,44.71578035651801
8.91250938133746,0.065,0.5793131097869348,1.2657037643855036,75.57126605949024,61.510210726778155,44.32125350110991
8.91250938133746,0.066,0.5882256191682723,0.9426320733803943,75.28890820320254,61.14502791205878,43.933670760917124
8.91250938133746,0.067,0.5971381285496098,0.6690448470284815,75.00866578185072,60.78408248748567,43.55285638812569
8.91250938133746,0.068,0.6060506379309473,0.4439031024459883,74.73051496137249,60.427303739660694,43.17864009864587
8.91250938133746,0.069,0.6149631473122847,0.26619571129179165,74.45443226664659,60.07464533166147,42.81085688101644
8.91250938133746,0.07,0.6238756566936222,0.13493845648437075,74.18039457471873,59.725999063334875,42.449346812469784
8.91250938133746,0.07100000000000001,0.6327881660749597,0.049173127802856875,73.90837910818199,59.381323621953484,42.09395488187893
8.91250938133746,0.07200000000000001,0.6417006754562972,0.00796665447883238,73.63836342870616,59.04056173008707,41.744530819316736
8.91250938133746,0.07300000000000001,0.6506131848376346,0.010410272992507297,73.37032543071341,58.70360348146062,41.4009289319704
8.91250938133746,0.074,0.659525694218972,0.05561872838609294,73.10424333519597,58.37043663619622,41.063007946163125
8.91250938133746,0.075,0.6684382036003095,0.142729507500585,72.84009568367118,58.04096864837552,40.73063085524573
8.91250938133746,0.076,0.677350712981647,0.27090210262980885,72.57786133227174,57.71514293750722,40.40366477312971
8.91250938133746,0.077,0.6862632223629843,0.4393173041669738,72.31751944596712,57.39292518853827,40.081980793243176
8.91250938133746,0.078,0.6951757317443218,0.6471765208967875,72.05904949291192,57.07420284953788,39.7654538526992
8.91250938133746,0.079,0.7040882411256593,0.8937011266576818,71.80243123891954,56.75897818620133,39.453962601474835
8.91250938133746,0.08,0.7130007505069967,1.178131832166839,71.54764474205577,56.447153780410964,39.147389276406734
8.91250938133746,0.081,0.7219132598883342,1.4997280808646996,71.29467034735205,56.1386957558613,38.8456195798178
8.91250938133746,0.082,0.7308257692696717,1.8577674676948264,71.04348868163208,55.83355267117015,38.5485425625959
8.91250938133746,0.08299999999999999,0.739738278651009,2.251545179792466,70.79408064845191,55.5316480180335,38.25605051155287
8.91250938133746,0.08399999999999999,0.7486507880323465,2.68037345810703,70.54642742314816,55.23297499597517,37.968038840899666
8.91250938133746,0.08499999999999999,0.757563297413684,3.1435810790348073,70.30051044799417,54.93741937328609,37.68440598767881
8.91250938133746,0.086,0.7664758067950215,3.640512855184226,70.05631142745821,54.645000585405036,37.40505331100297
10.0,0.06,0.6,3.6861783191672197,77.03231986579172,63.33910525966911,46.192720732758126
10.0,0.061,0.61,3.0970258562725794,76.73909736974576,62.95149480254035,45.77396295885502
10.0,0.062,0.62,2.5630105149293634,76.44811176548716,62.56855203299579,45.36279450612824
10.0,0.063,0.63,2.0829391791161167,76.15933740462867,62.190150249684244,44.959014970439505
10.0,0.064,0.64,1.655651903638859,75.87274903167456,61.81624361001153,44.562430562894754
10.0,0.065,0.65,1.2800207475117946,75.5883217764824,61.446753856541974,44.17285386038548
10.0,0.066,0.66,0.9549486573050454,75.30603114689978,61.08156998363369,43.79010356632232
10.0,0.067,0.67,0.6793683979322429,75.02585302156956,60.72066592361412,43.414004281123525
10.0,0.068,0.68,0.4522415284975634,74.74776364289988,60.363923596779685,43.04438628204012
10.0,0.069,0.6900000000000001,0.2725574209596482,74.47173961019428,60.01129995686245,42.681085311917876
10.0,0.07,0.7000000000000001,0.13933231949914182,74.19775787293824,59.66272424765095,42.32394237651431
10.0,0.07100000000000001,0.7100000000000001,0.05160843859633424,73.92579572423679,59.31810200925471,41.97280355000562
10.0,0.07200000000000001,0.7200000000000001,0.008453097938214027,73.65583079440083,58.97741490716684,41.627519788334254
10.0,0.07300000000000001,0.7300000000000001,0.008957892379632515,73.38784104467648,58.640530178587376,41.28794675006369
10.0,0.074,0.74,0.05223789528221934,73.1218047611152,58.30745022126431,40.953944624421695
10.0,0.075,0.75,0.13743089364659866,72.85770054858031,57.97806636052354,40.62537796622659
10.0,0.076,0.76,0.26369665354074634,72.59550732488597,57.652344396290836,40.30211553740556
10.0,0.077,0.77,0.4302162144083348,72.3352043150662,57.330214982028664,39.98403015482632
10.0,0.078,0.78,0.6361912109173216,72.07677104576987,57.011612701022536,39.67099854417492
10.0,0.079,0.79,0.8808432210808075,71.82018733977861,56.69650181355837,39.36290119962596
10.0,0.08,0.8,1.1634131394491445,71.56543331064424,56.384791179062205,39.059622249060666
10.0,0.081,0.81,1.4831605742362597,71.31248935744324,56.07647285449323,38.761049324600336
10.0,0.082,0.8200000000000001,1.8393632673016467,71.06133615964464,55.771435569491175,38.46707343823199
10.0,0.08299999999999999,0.8299999999999998,2.231316535966627,70.81195467208931,55.4696932867436,38.177588862313385
10.0,0.08399999999999999,0.8399999999999999,2.6583327356950512,70.5643261200762,55.17112029325233,37.892493014753285
10.0,0.08499999999999999,0.8499999999999999,3.119740742719066,70.31843199455525,54.87574649183575,37.611686348672286
10.0,0.086,0.8599999999999999,3.6148854557366823,70.07425404742233,54.58343750076502,37.335072246357434
11.220184543019641,0.06,0.6732110725811784,3.7080044621065626,77.04717133530518,63.28075053590842,46.092278336528885
11.220184543019641,0.061,0.6844312571241981,3.117045514055329,76.75402312748962,62.89313878519527,45.67734134676902
11.220184543019641,0.062,0.6956514416672177,2.581227133721046,76.4631088296228,62.510150487116675,45.269884165224745
11.220184543019641,0.063,0.7068716262102375,2.099356917639042,76.17440287127003,62.13176762980825,44.86970747927343
11.220184543019641,0.064,0.7180918107532571,1.6702755814312682,75.88788007278065,61.75785550616043,44.47661876573062
11.220184543019641,0.065,0.7293119952962768,1.2928557965098961,75.6035156378125,61.388373009494615,44.09043202080022
11.220184543019641,0.066,0.7405321798392964,0.9660010765254587,75.32128514602907,61.02322643753998,43.71096750186381
11.220184543019641,0.067,0.7517523643823161,0.6886447110477212,75.04116454596316,60.662337251773415,43.3380514805575
11.220184543019641,0.068,0.7629725489253357,0.45974874411434685,74.76313014804353,60.305653362865684,42.97151600661066
11.220184543019641,0.069,0.7741927334683554,0.2783029954184417,74.48715861778015,59.95306448562625,42.61119868194677
11.220184543019641,0.07,0.785412918011375,0.14332412203405442,74.21322696910283,59.60455398027079,42.256942444571216
11.220184543019641,0.07100000000000001,0.7966331025543947,0.05385471869817793,73.94131255785115,59.259985681915374,41.908595361792536
11.220184543019641,0.07200000000000001,0.8078532870974143,0.008962454778971063,73.67139307540938,58.91937032901128,41.56601043234698
11.220184543019641,0.07300000000000001,0.819073471640434,0.007739246165323399,73.40344654248483,58.5825571881585,41.229045397016286
11.220184543019641,0.074,0.8302936561834534,0.04930046041000535,73.13745130302378,58.24956762176557,40.89756255734781
11.220184543019641,0.075,0.8415138407264731,0.13278415355096662,72.87338601826295,57.92025935698322,40.57142860210619
11.220184543019641,0.076,0.8527340252694927,0.2573503371213941,72.61122966091273,57.594645991351285,40.25051444110227
11.220184543019641,0.077,0.8639542098125124,0.4221802739394005,72.35096150946781,57.27259526153092,39.9346950460627
11.220184543019641,0.078,0.875174394355532,0.6264758013448164,72.09256114264332,56.954119447231996,39.62384929821936
11.220184543019641,0.079,0.8863945788985517,0.8694586806208533,71.83600843393198,56.639089491617526,39.31785984231365
11.220184543019641,0.08,0.8976147634415713,1.1503699714059503,71.5812835462804,56.32752294090162,39.016612946724194
11.220184543019641,0.081,0.908834947984591,1.4684694299637382,71.32836692688005,56.01928702494865,38.71999836944149
11.220184543019641,0.082,0.9200551325276106,1.8230349302378976,71.07723930207202,55.71441127315913,38.42790922962553
11.220184543019641,0.08299999999999999,0.9312753170706302,2.213361906674909,70.82788167236014,55.41275216813535,38.14024188449497
11.220184543019641,0.08399999999999999,0.9424955016136498,2.638762817849421,70.58027530753192,55.11435032850851,37.8568958113086
11.220184543019641,0.08499999999999999,0.9537156861566695,3.0985666299765917,70.33440174188362,54.81906756266724,37.57777349421098
11.220184543019641,0.086,0.9649358706996891,3.5921183194423802,70.09024276954716,54.52693335287923,37.30278031572496
12.589254117941675,0.06,0.7553552470765005,3.7275148950701906,77.06040113783541,63.227132126184486,46.04062892288367
12.589254117941675,0.061,0.7679445011944421,3.134946313028106,76.76731931496468,62.83946932118068,45.62815207200912
12.589254117941675,0.062,0.7805337553123838,2.597521327298101,76.47646874470325,62.45651111089523,45.22306537420094
12.589254117941675,0.063,0.7931230094303255,2.114048171458987,76.18782392594653,62.078093362872956,44.825171549017895
12.589254117941675,0.064,0.8057122635482672,1.6833681519997374,75.90135974650433,61.704222124624195,44.43428016671299
12.589254117941675,0.065,0.8183015176662088,1.3043544879838054,75.61705147568063,61.33473181267208,44.050207364599636
12.589254117941675,0.066,0.8308907717841506,0.975911200259564,75.33487475702402,60.96962888740347,43.67277557660651
12.589254117941675,0.067,0.8434800259020923,0.6969720477204029,75.05480560124319,60.60875826069133,43.30181327535904
12.589254117941675,0.068,0.8560692800200339,0.46649950826131836,74.77682037928388,60.252123105099905,42.937154726161026
12.589254117941675,0.069,0.8686585341379757,0.2834838022166284,74.50089581556223,59.89957496057592,42.578639752282385
12.589254117941675,0.07,0.8812477882559173,0.1469419561879184,74.22700898135058,59.55112080956414,42.22611351099012
12.589254117941675,0.07100000000000001,0.893837042373859,0.05591690529193616,73.95513728831266,59.20661124068944,41.87942627978976
12.589254117941675,0.07200000000000001,0.9064262964918007,0.009476631967330285,73.68525848218266,58.86606435029766,41.538433252372116
12.589254117941675,0.07300000000000001,0.9190155506097424,0.0067133395842085,73.4173506365856,58.52932201891747,41.20299434378578
12.589254117941675,0.074,0.9316048047276839,0.04674265919712628,73.15139214699484,58.19641505096206,40.87297400438271
12.589254117941675,0.075,0.9441940588456256,0.12870288787336537,72.88736172482349,57.86718641350447,40.54824104210563
12.589254117941675,0.076,0.9567833129635672,0.25175425711433363,72.62523839164578,57.54166173372744,40.228668452709954
12.589254117941675,0.077,0.969372567081509,0.4150782299673419,72.36500147354553,57.219706442961126,39.91413325753321
12.589254117941675,0.078,0.9819618211994506,0.6178768255012077,72.10663059558816,56.90132125219463,39.60451634844541
12.589254117941675,0.079,0.9945510753173923,0.8593719693891027,71.85010567641312,56.58640580864257,39.29970233963227
12.589254117941675,0.08,1.007140329435334,1.138804869409257,71.59540692294411,56.274927673941384,38.99957942588152
12.589254117941675,0.081,1.0197295835532756,1.4554354147356543,71.34251482521302,55.96682875411498,38.70403924705944
12.589254117941675,0.082,1.0323188376712173,1.80854159795103,71.09141015129629,55.6620350642763,38.41297675848021
12.589254117941675,0.08299999999999999,1.0449080917891589,2.19741895876804,70.84207394235932,55.360538995897656,38.12629010688684
12.589254117941675,0.08399999999999999,1.0574973459071006,2.621380048498179,70.59448750780737,55.06221645024687,37.84388051177584
12.589254117941675,0.08499999999999999,1.0700866000250422,3.079753914356001,70.34863242053933,54.76710123750228,37.56565215181206
12.589254117941675,0.086,1.082675854142984,3.5718856027328014,70.10449051230286,54.475062848723326,37.291512056092834
14.12537544622754,0.06,0.8475225267736524,3.7449493077626563,77.07218689277653,63.1778622269451,46.01847957343317
14.12537544622754,0.061,0.86164790221988,3.1509464716790934,76.77916437377617,62.79022779535811,45.6074307256814
14.12537544622754,0.062,0.8757732776661075,2.6120898972068787,76.48837073923335,62.407217303777394,45.2037072898123
14.12537544622754,0.063,0.8898986531123351,2.127188387314955,76.19978054971851,62.028848627821674,44.8071141875102
14.12537544622754,0.064,0.9040240285585626,1.6950837766678273,75.91336875305677,61.65494437139779,44.41746317588841
14.12537544622754,0.065,0.9181494040047902,1.3146497739294722,75.6291106769565,61.285513896076985,44.03457255685454
14.12537544622754,0.066,0.9322747794510177,0.9847908534372447,75.34698202180762,60.92040023245245,43.658266900617555
14.12537544622754,0.067,0.9464001548972453,0.7044411937614514,75.06695885364252,60.55959543020006,43.28837678258171
14.12537544622754,0.068,0.9605255303434728,0.4725636608100028,74.78901759725748,60.20297143806608,42.92473853291572
14.12537544622754,0.069,0.9746509057897004,0.28814883327247043,74.51313502948884,59.85049396342198,42.56719399812539
14.12537544622754,0.07,0.9887762812359279,0.15021406832377338,74.23928827264068,59.502072624337444,42.21559031399615
14.12537544622754,0.07100000000000001,1.0029016566821554,0.05780260562559181,73.96745478805987,59.15763752390979,41.869779689307855
14.12537544622754,0.07200000000000001,1.017027032128383,0.009982707773235955,73.69761236985394,58.81714495906973,41.529619199757114
14.12537544622754,0.07300000000000001,1.0311524075746106,0.005846835439800024,73.42973913874975,58.480479932671436,41.19497059155524
14.12537544622754,0.074,1.045277783020838,0.044510855565484064,73.16381353608674,58.14765290549291,40.865700094198445
14.12537544622754,0.075,1.0594031584670656,0.1251132810305715,72.89981431794405,57.81849939975908,40.541678241935756
14.12537544622754,0.076,1.073528533913293,0.24681454033623007,72.63772054939616,57.493056315911005,40.222779703486324
14.12537544622754,0.077,1.0876539093595206,0.40879627589617784,72.37751159889429,57.17119721159803,39.908883119582384
14.12537544622754,0.078,1.1017792848057482,0.6102606696178423,72.11916713277049,56.85289449116367,39.59987094793799
14.12537544622754,0.079,1.1159046602519758,0.8504297945216797,71.86266710986152,56.53809650285957,39.29562931526513
14.12537544622754,0.08,1.1300300356982032,1.1285449912136274,71.60799177624857,56.22670098694763,38.99604787598038
14.12537544622754,0.081,1.1441554111444308,1.4438662680871803,71.35512166011111,55.918725611218214,38.70101967726374
14.12537544622754,0.082,1.1582807865906584,1.7956717241913451,71.10403756669092,55.614029506320456,38.41044103015076
14.12537544622754,0.08299999999999999,1.1724061620368857,2.18325699375423,70.85472057336423,55.312630082038446,38.12421138635591
14.12537544622754,0.08399999999999999,1.1865315374831134,2.605934711404955,70.6071520248191,55.014452856915625,37.84223322054145
14.12537544622754,0.08499999999999999,1.2006569129293407,3.0630339971847222,70.361313528335,54.719419964952344,37.564411917761895
14.12537544622754,0.086,1.2147822883755683,3.5538999604844337,70.11718694916279,54.42754489213796,37.290655665828126
15.848931924611142,0.06,0.9509359154766684,3.760523804041388,77.08268664056409,63.132678792828905,46.012412456656676
15.848931924611142,0.061,0.9667848474012797,3.165242970475033,76.78971708478788,62.74500335488114,45.60209414731563
15.848931924611142,0.062,0.9826337793258908,2.6251107474258797,76.49897430303426,62.362031977449284,45.199059987422146
15.848931924611142,0.063,0.9984827112505019,2.1389364466245513,76.2104329107494,61.98362934453503,44.803116761400105
15.848931924611142,0.064,1.014331643175113,1.7055623747163504,75.92406790916023,61.609792034041,44.414078036547856
15.848931924611142,0.065,1.0301805750997242,1.323862677918386,75.63985467794636,61.240333653417444,44.03176387042478
15.848931924611142,0.066,1.0460295070243355,0.9927422358904878,75.35776896808045,60.875281843156166,43.65600053292593
15.848931924611142,0.067,1.0618784389489466,0.7111356023450588,75.07778689482996,60.51448688077297,43.28662024222322
15.848931924611142,0.068,1.0777273708735577,0.4780059900674247,74.79988493091729,60.15791411625714,42.923460913799836
15.848931924611142,0.069,1.0935763027981689,0.2923442981494899,74.52403989983472,59.805488762642376,42.56636592185158
15.848931924611142,0.07,1.10942523472278,0.15316817936638172,74.25022896930835,59.45710245407906,42.215183872372776
15.848931924611142,0.07100000000000001,1.125274166647391,0.0595211457418372,73.978429644909,59.112756878459486,41.86976838728513
15.848931924611142,0.07200000000000001,1.1411230985720024,0.010471710458321182,73.70861976380455,58.77228719796586,41.529977899005786
15.848931924611142,0.07300000000000001,1.1569720304966136,0.005112564370187478,73.44077748865205,58.43571374682471,41.195675454887365
15.848931924611142,0.074,1.1728209624212245,0.04255978547423367,73.17488130162323,58.102933966587976,40.866728530995665
15.848931924611142,0.075,1.1886698943458356,0.12195207978270095,72.91090999856316,57.77387145848542,40.54300885472268
15.848931924611142,0.076,1.2045188262704467,0.24245005212748016,72.64884268327583,57.44852285154917,40.22439223576196
15.848931924611142,0.077,1.2203677581950578,0.4032355055048069,72.38865876193529,57.12673091272722,39.9107584050007
15.848931924611142,0.078,1.236216690119669,0.6035107676429194,72.13033793761811,56.8085228746956,39.601990860909545
15.848931924611142,0.079,1.2520656220442803,0.8424980435462643,71.87386020495461,56.49381502864288,39.29797672303456
15.848931924611142,0.08,1.2679145539688914,1.119438792835128,71.61920584489582,56.182513694997795,38.99860659221944
15.848931924611142,0.081,1.2837634858935025,1.4335931307612593,71.36635541959257,55.8746336593746,38.703774417207036
15.848931924611142,0.082,1.2996124178181137,1.7842392518388386,71.1152897673852,55.57004900447444,38.413377367289065
15.848931924611142,0.08299999999999999,1.3154613497427246,2.170672875084195,70.86598999789962,55.26874361618295,38.12731571069274
15.848931924611142,0.08399999999999999,1.3313102816673357,2.592206709909914,70.61843748724833,54.97069823283771,37.845492698409515
15.848931924611142,0.08499999999999999,1.347159213591947,3.04816994176697,70.3726138733332,54.675760987894044,37.56781445318867
15.848931924611142,0.086,1.3630081455165581,3.5379077366748897,70.12850105124733,54.383978840905236,37.294189863433786
17.78279410038923,0.06,1.0669676460233537,3.774432946709255,77.09204102325872,63.09125614334759,46.01404720104499
17.78279410038923,0.061,1.0847504401237429,3.1780133403314403,76.79911875599454,62.70356185026433,45.60404220695902
17.78279410038923,0.062,1.102533234224132,2.636744417369586,76.50842138198831,62.3206039632921,45.201298311028815
17.78279410038923,0.063,1.1203160283245215,2.149435944010742,76.21992356552057,61.94220446160284,44.80562361065323
17.78279410038923,0.064,1.1380988224249107,1.7149306485368867,75.93360035534323,61.5683584812736,44.41683292763613
17.78279410038923,0.065,1.1558816165252999,1.3321030680808268,75.64942717739025,61.19895981846108,44.034747516531326
17.78279410038923,0.066,1.173664410625689,0.999858444455251,75.36737982765473,60.83390343010241,43.65919478789168
17.78279410038923,0.067,1.1914472047260785,0.7171316665916896,75.08743446522693,60.47318051918476,43.29000804556013
17.78279410038923,0.068,1.2092299988264676,0.48288625726858925,74.80956760548945,60.11662343401614,42.92702623719424
17.78279410038923,0.069,1.2270127929268568,0.2961134019412792,74.53375611346544,59.76423447093142,42.570093717267326
17.78279410038923,0.07,1.244795587027246,0.1558310176103439,74.25997719731566,59.415931660555195,42.21906002183713
17.78279410038923,0.07100000000000001,1.2625783811276354,0.061082859782259025,73.98820840198057,59.07158973510801,41.873779654416936
17.78279410038923,0.07200000000000001,1.2803611752280246,0.010937665684543685,73.7184276029638,58.731222651017276,41.534111882325575
17.78279410038923,0.07300000000000001,1.2981439693284138,0.0044883319998823,73.45061300025314,58.39469922675784,41.19992054293197
17.78279410038923,0.074,1.3159267634288028,0.04085112547996017,73.18474311237557,58.06197300056971,40.87107385924499
17.78279410038923,0.075,1.3337095575291922,0.11916492488861552,72.92079677058305,57.733024881509195,40.54744426433362
17.78279410038923,0.076,1.3514923516295814,0.23859049280865685,72.65875311316529,57.40769904973213,40.22890823409429
17.78279410038923,0.077,1.3692751457299706,0.39830977592571526,72.39859157988725,57.086012108807324,39.91534612791029
17.78279410038923,0.078,1.3870579398303597,0.5975252324762321,72.14029190654605,56.76791306660095,39.606642036777444
17.78279410038923,0.079,1.4048407339307492,0.8354591856169642,71.88383411964773,56.453247531579706,39.30268363849403
17.78279410038923,0.08,1.4226235280311383,1.111353201538277,71.6291985311969,56.1420605561909,39.003362059538226
17.78279410038923,0.081,1.4404063221315275,1.4244674912058444,71.37636573359966,55.834275258904114,38.708571743278206
17.78279410038923,0.082,1.4581891162319167,1.774080334672405,71.12531659467498,55.529769556703506,38.418210324181196
17.78279410038923,0.08299999999999999,1.475971910332306,2.1594875269566525,70.8760322527727,55.228577410324114,38.132178507707245
17.78279410038923,0.08399999999999999,1.493754704432695,2.580001844537261,70.62849411199537,54.93061973403439,37.850379955591805
17.78279410038923,0.08499999999999999,1.5115374985330843,3.0349525315581705,70.38268383752128,54.635790016076655,37.57272117623903
17.78279410038923,0.086,1.5293202926334735,3.5236848048877123,70.13858335102601,54.34411909971648,37.2991114199627
19.952623149688808,0.06,1.1971573889813285,3.786851692053898,77.10037521778652,63.05328846404067,46.018732253445364
19.952623149688808,0.061,1.2171100121310172,3.189417367747355,76.8074951625934,62.66560591526453,45.60882234363875
19.952623149688808,0.062,1.2370626352807061,2.647135558596424,76.51683832456963,62.282658188008774,45.20616241374623
19.952623149688808,0.063,1.2570152584303949,2.158816436628581,76.22837941146105,61.90425888860152,44.81056134877208
19.952623149688808,0.064,1.2769678815800838,1.723303106685449,75.94209351432076,61.530432973160245,44.42183471152334
19.952623149688808,0.065,1.2969205047297725,1.339470455049462,75.6579561002549,61.16105906364917,44.03980445296689
19.952623149688808,0.066,1.3168731278794614,1.0062240470191712,75.37594300533202,60.796025938915044,43.66429863749918
19.952623149688808,0.067,1.3368257510291501,0.7224990709787082,75.09603042765345,60.435329304428066,43.29515118224917
19.952623149688808,0.068,1.356778374178839,0.4872593266490035,74.8181949205792,60.078827130296844,42.932201609591615
19.952623149688808,0.069,1.3767309973285278,0.299496255340981,74.54241338610612,59.72646630028881,42.57529481210279
19.952623149688808,0.07,1.3966836204782167,0.15822801015446553,74.2686630683942,59.37822106405768,42.22428082923959
19.952623149688808,0.07100000000000001,1.4166362436279054,0.06249856418297517,73.99692154743622,59.03393691185458,41.87901463506958
19.952623149688808,0.07200000000000001,1.4365888667775943,0.011376854892739097,73.72716673286874,58.69360117732878,41.53935593642319
19.952623149688808,0.07300000000000001,1.4565414899272833,0.003955962946104785,73.45937685791948,58.35717482940262,41.20516898087833
19.952623149688808,0.074,1.4764941130769718,0.03935232383480858,73.19353047348731,58.024499358837765,40.876322374025946
19.952623149688808,0.075,1.4964467362266605,0.11670497077791264,72.92960644235326,57.69558437374107,40.552688905499096
19.952623149688808,0.076,1.5163993593763494,0.235174807422875,72.667583933517,57.37038607383632,40.234145383280776
19.952623149688808,0.077,1.536351982526038,0.3939439089672008,72.40744241665695,57.04875071511297,39.92057247583573
19.952623149688808,0.078,1.556304605675727,0.5922148503919331,72.14916165671087,56.73069152346497,39.611854561639625
19.952623149688808,0.079,1.5762572288254157,0.8292100605671662,71.89272170857302,56.41616874893331,39.30787958570482
19.952623149688808,0.08,1.5962098519751047,1.1041712010559528,71.63810291190558,56.105042450252505,39.00853892272698
19.952623149688808,0.081,1.6161624751247936,1.4163585685034201,71.38528588606191,55.797310348164615,38.71372724649875
19.952623149688808,0.082,1.6361150982744823,1.7650505195562776,71.13425152511752,55.492945855334156,38.42334240525894
19.952623149688808,0.08299999999999999,1.6560677214241708,2.1495429173120115,70.88498099300745,55.191832142951895,38.137285302664104
19.952623149688808,0.08399999999999999,1.6760203445738597,2.569148598347902,70.63745571876665,54.89393183119382,37.855459784089796
19.952623149688808,0.08499999999999999,1.6959729677235484,3.0231968594293672,70.3916573918708,54.599240896870384,37.5777725279843
19.952623149688808,0.086,1.7159255908732374,3.5110329630406296,70.1475679576756,54.30767521468091,37.30413294201503
22.3872113856834,0.06,1.343232683141004,3.7979371981442993,77.10780065067391,63.018541565953136,46.02420898791627
22.3872113856834,0.061,1.3656198945266873,3.199598698932207,76.81495826807063,62.63088808531315,45.61429665876138
22.3872113856834,0.062,1.3880071059123709,2.6564143356063115,76.52433760895138,62.24788411592009,45.211629826811574
22.3872113856834,0.063,1.4103943172980542,2.167194642533076,76.23591341975352,61.86953962128418,44.81601778308473
22.3872113856834,0.064,1.4327815286837378,1.7307830607724464,75.94966082918718,61.49573916311899,44.42727646653641
22.3872113856834,0.065,1.455168740069421,1.3460547883727423,75.66555534101163,61.1263498315979,44.04522817628264
22.3872113856834,0.066,1.4775559514551044,1.011915679502411,75.3835728269734,60.761376901101194,43.66970129865724
22.3872113856834,0.067,1.499943162840788,0.7273011899735922,75.10368951990567,60.400710086790895,43.30053004822105
22.3872113856834,0.068,1.5223303742264713,0.4911753668512522,74.82588200698117,60.044223150845326,42.93755422189959
22.3872113856834,0.069,1.5447175856121547,0.3025298799755194,74.55012722311716,59.691926108781196,42.58061896548057
22.3872113856834,0.07,1.5671047969978382,0.1603830933469974,74.27640244452704,59.343723696355674,42.229574551752755
22.3872113856834,0.07100000000000001,1.5894920083835216,0.06377917444109249,74.00468528241562,58.99947520384165,41.88427616961551
22.3872113856834,0.07200000000000001,1.6118792197692051,0.011787239625030477,73.73495367681346,58.65920529635656,41.54458372353124
22.3872113856834,0.07300000000000001,1.6342664311548885,0.00350053395258354,73.46718589054792,58.32284402587003,41.21036164273415
22.3872113856834,0.074,1.6566536425405716,0.038035643706664235,73.20136050334611,57.99021431346046,40.88147869964553
22.3872113856834,0.075,1.679040853926255,0.11453174014878775,72.93745640606714,57.66136583901483,40.557807836981524
22.3872113856834,0.076,1.7014280653119385,0.23214985301775126,72.67545279506024,57.33623505378504,40.23922600307129
22.3872113856834,0.077,1.7238152766976218,0.39007217239874614,72.41532916664558,57.0146747709292,39.92561399493386
22.3872113856834,0.078,1.7462024880833051,0.5875013776572362,72.15706531171418,56.696681581561,39.61685630869033
22.3872113856834,0.079,1.7685896994689887,0.8236599922012973,71.90064131044487,56.38222561257899,39.31284099691343
22.3872113856834,0.08,1.790976910854672,1.0977897629013968,71.64603752713444,56.071206695795794,39.01345953254228
22.3872113856834,0.081,1.8133641222403556,1.409151063057275,71.39323460513859,55.76353902883163,38.718606679011216
22.3872113856834,0.082,1.835751333626039,1.757022317859568,71.14221346192097,55.459239627518755,38.42818036626418
22.3872113856834,0.08299999999999999,1.858138545011722,2.140699451347582,70.89295528420733,55.15825387563336,38.14208157234484
22.3872113856834,0.08399999999999999,1.8805257563974054,2.5594953539162235,70.64544152324227,54.860428467731396,37.86021421027207
22.3872113856834,0.08499999999999999,1.902912967783089,3.0127393694724116,70.39965389014647,54.565800005576506,37.58248501992655
22.3872113856834,0.086,1.9253001791687723,3.4997768013872026,70.15557435137136,54.27433020717466,37.30880346469125
25.11886431509582,0.06,1.5071318589057492,3.807830502778498,77.11441651962137,62.986748232966114,46.02954497269099
25.11886431509582,0.061,1.5322507232208449,3.208686336127455,76.82160775164448,62.59909594700114,45.61959506572399
25.11886431509582,0.062,1.5573695875359408,2.664697741240893,76.53101937602186,62.21612663029431,45.21688928304746
25.11886431509582,0.063,1.5824884518510367,2.1746755759154155,76.24262617363716,61.837764316068935,44.8212370986066
25.11886431509582,0.064,1.6076073161661326,1.737463581342321,75.95640330672735,61.463981161239595,44.43245461811729
25.11886431509582,0.065,1.6327261804812283,1.3519372338891569,75.6723263116853,61.094655545456085,44.050364292557376
25.11886431509582,0.066,1.6578450447963242,1.017002645619931,75.39037109202455,60.729669029734644,43.674794646407115
25.11886431509582,0.067,1.6829639091114201,0.731595511114413,75.11051391150343,60.36902385336458,43.30558001975977
25.11886431509582,0.068,1.7080827734265158,0.4946800982882438,74.83273138740262,60.01264040747994,42.94256032348282
25.11886431509582,0.069,1.7332016377416117,0.30524828104684154,74.55700048395356,59.66033230658946,42.58558080666488
25.11886431509582,0.07,1.7583205020567076,0.16231861172860573,74.28329850591288,59.31214391018225,42.234491835634664
25.11886431509582,0.07100000000000001,1.7834393663718033,0.06493543140860192,74.01160309227996,58.96800401325191,41.88914868388457
25.11886431509582,0.07200000000000001,1.8085582306868992,0.012168016241155488,73.74189221015261,58.62777022728693,41.54941133227574
25.11886431509582,0.07300000000000001,1.8336770950019952,0.0031097581208447966,73.47414414871878,58.291403183087965,41.21514427894119
25.11886431509582,0.074,1.8587959593170906,0.03687737803602076,73.20833751337956,57.95888250684209,40.88621635834181
25.11886431509582,0.075,1.8839148236321863,0.1126101705775926,72.94445122000131,57.63013292257619,40.562500568964225
25.11886431509582,0.076,1.9090336879472822,0.2294692781492631,72.68246448929189,57.30499379708551,40.243873909182064
25.11886431509582,0.077,1.9341525522623781,0.3866369935030649,72.42235684130044,56.98351217671154,39.93021722083228
25.11886431509582,0.078,1.959271416577474,0.5833160892980294,72.16410809003465,56.665627140201906,39.62141504008634
25.11886431509582,0.079,1.9843902808925697,0.8187291734484745,71.9076983381949,56.35122760585104,39.31735545522125
25.11886431509582,0.08,2.0095091452076654,1.0921180690930483,71.65310797202116,56.04024239900845,39.017929970920875
25.11886431509582,0.081,2.0346280095227613,1.40274321807693,71.40031765624978,55.73268096278772,38.72303337875935
25.11886431509582,0.082,2.0597468738378573,1.7498831068970384,71.14930832917847,55.42848742683964,38.432563633540326
25.11886431509582,0.08299999999999999,2.0848657381529527,2.132833714113763,70.9000611978353,55.127529761410415,38.146421735184596
25.11886431509582,0.08399999999999999,2.1099846024680486,2.550907978283806,70.65255773325053,54.82979476748912,37.86451161587782
25.11886431509582,0.08499999999999999,2.1351034667831446,3.003435285516643,70.40677966582751,54.53526926430335,37.5867400322062
25.11886431509582,0.086,2.1602223310982405,3.489760975802576,70.16270898081157,54.2439019226651,37.313016462024834
28.18382931264455,0.06,1.6910297587586731,3.816658071495417,77.12031114420566,62.957704139169486,46.03443631378926
28.18382931264455,0.061,1.7192135880713175,3.216796024033365,76.8275323643629,62.57005881496597,45.624440721547636
28.18382931264455,0.062,1.7473974173839621,2.672090822114974,76.53697279061372,62.18706399105844,45.22168908642353
28.18382931264455,0.063,1.7755812466966068,2.1813536121786554,76.24860723451222,61.80873432970823,44.82599095850228
28.18382931264455,0.064,1.8037650760092514,1.7434284032776177,75.96241088814793,61.434985902995386,44.437162511782894
28.18382931264455,0.065,1.8319489053218958,1.3571909201869978,75.67835931697185,61.065650017131915,44.05502625838382
28.18382931264455,0.066,1.8601327346345404,1.0215475051613847,75.39642845278493,60.700699397561344,43.679410777436956
28.18382931264455,0.067,1.888316563947185,0.7354340659096095,75.1165945868839,60.34009182048612,43.31015045779579
28.18382931264455,0.068,1.9165003932598297,0.4978150674944595,74.83883436336087,59.98373798401744,42.94708525374238
28.18382931264455,0.069,1.9446842225724743,0.30768256599534105,74.56312477255268,59.63146737872584,42.5900604529323
28.18382931264455,0.07,1.9728680518851187,0.1640552818949217,74.28944314463568,59.28331789314156,42.23892645586761
28.18382931264455,0.07100000000000001,2.0010518811977636,0.06597771126482121,74.01776714336253,58.939218193304534,41.89353856623411
28.18382931264455,0.07200000000000001,2.0292357105104077,0.012519272933559256,73.74807475993748,58.599053277787114,41.553756791483046
28.18382931264455,0.07300000000000001,2.0574195398230524,0.002773489920046668,73.4803443070261,58.262725045711285,41.219445653077074
28.18382931264455,0.074,2.0856033691356965,0.03585720351008925,73.21455441289649,57.9302442721625,40.89047400585789
28.18382931264455,0.075,2.113787198448341,0.11090981844260095,72.95068401568801,57.60154576788512,40.56671486602738
28.18382931264455,0.076,2.141971027760986,0.2270925777540027,72.68871235780541,57.276505214073346,40.24804524726644
28.18382931264455,0.077,2.1701548570736304,0.3835878659084224,72.42861898043354,56.95506196620252,39.93434600454497
28.18382931264455,0.078,2.198338686386275,0.579598538913511,72.17038371817141,56.63721616900951,39.62550168520523
28.18382931264455,0.079,2.2265225156989197,0.8143472801911438,71.91398669378103,56.32290813399668,39.32140038692566
28.18382931264455,0.08,2.2547063450115643,1.0870759810364823,71.659408313049,56.01202125468453,39.02193362219665
28.18382931264455,0.081,2.282890174324209,1.3970451445598977,71.4066292597582,55.704496297030744,38.7269961889626
28.18382931264455,0.082,2.311074003636853,1.743533312063359,71.15563049076592,55.400339963172975,38.43648604710466
28.18382931264455,0.08299999999999999,2.3392578329494973,2.125836510857074,70.90639323118698,55.099497499659755,38.15030420045872
28.18382931264455,0.08399999999999999,2.367441662262142,2.5432677225722857,70.65889896967798,54.801877675253216,37.868354584081004
28.18382931264455,0.08499999999999999,2.3956254915747865,2.9951563710747457,70.41312945382153,54.507385531072664,37.5905439564908
28.18382931264455,0.086,2.423809320887431,3.4808478291277183,70.16906668560677,54.21605219311887,37.31678179663537
31.622776601683793,0.06,1.8973665961010275,3.824533218880945,77.12556316533293,62.93114131883509,46.03882938059038
31.622776601683793,0.061,1.9289893727027112,3.224031527341828,76.83281113349447,62.543484636631405,45.628789568145066
31.622776601683793,0.062,1.960612149304395,2.678687812871429,76.54227725059782,62.160580133054374,45.225993914275655
31.622776601683793,0.063,1.992234925906079,2.187313479455677,76.25393635550822,61.782223048571566,44.83025200295241
31.622776601683793,0.064,2.0238577025077626,1.7487527751637129,75.96776366689855,61.4084431176403,44.44138003818165
31.622776601683793,0.065,2.0554804791094465,1.3618816464366486,75.68373477609686,61.03916515522235,44.05920055858457
31.622776601683793,0.066,2.0871032557111304,1.025606640947935,75.40182564009481,60.67429799842383,43.68354216662921
31.622776601683793,0.067,2.1187260323128143,0.738863856608555,75.12201257471405,60.313660123354204,43.3142392716442
31.622776601683793,0.068,2.150348808914498,0.5006179344289095,74.84427224792448,59.957291339482644,42.951131845802365
31.622776601683793,0.069,2.181971585516182,0.3098610930811512,74.56858167331265,59.60511684290684,42.594065192316066
31.622776601683793,0.07,2.2135943621178655,0.16561220312657943,74.2949182036943,59.25705397705298,42.242889725136365
31.622776601683793,0.07100000000000001,2.2452171387195494,0.0669158989880354,74.02325952486883,58.91292582228878,41.89746075949533
31.622776601683793,0.07200000000000001,2.2768399153212333,0.012841726853671354,73.75358364951137,58.572779920824416,41.557638312672836
31.622776601683793,0.07300000000000001,2.308462691922917,0.0024833267991051233,73.48586891119888,58.23654799584519,41.22328691441015
31.622776601683793,0.074,2.3400854685246006,0.03495764750888797,73.22009395856718,57.904163289208164,40.89427542642928
31.622776601683793,0.075,2.3717082451262845,0.10940419206641327,72.95623774959549,57.57544832637545,40.57047687055113
31.622776601683793,0.076,2.403331021727968,0.22498429336414416,72.69427954601466,57.25044186329732,40.25176826493858
31.622776601683793,0.077,2.434953798329652,0.3808804177638905,72.43419890783711,56.92909349221409,39.938030468018816
31.622776601683793,0.078,2.4665765749313358,0.5762954957094908,72.1759756880044,56.611342130516974,39.629148029668336
31.622776601683793,0.079,2.4981993515330196,0.8104522780635834,71.91959002714962,56.29705868658239,39.32500904926881
31.622776601683793,0.08,2.5298221281347035,1.082592717003446,71.6650223484725,55.986201766418574,39.02550504026639
31.622776601683793,0.081,2.5614449047363874,1.3919773703730378,71.41225335272333,55.67876890468755,38.73053080088911
31.622776601683793,0.082,2.5930676813380713,1.7378848284439328,71.16126401329394,55.37470410502782,38.43998429069819
31.622776601683793,0.08299999999999999,2.6246904579397543,2.1196111620930482,70.91203557141219,55.073947979431324,38.15376651266794
31.622776601683793,0.08399999999999999,2.656313234541438,2.5364693914544416,70.6645495314385,54.77633438858848,37.87178140050767
31.622776601683793,0.08499999999999999,2.687936011143122,2.987788974150983,70.41878765626078,54.48193041480403,37.593935710955286
31.622776601683793,0.086,2.719558787744806,3.4729153122564664,70.17473196278621,54.19068462975569,37.32013892078855
35.48133892335757,0.06,2.1288803354014543,3.8315574082922836,77.13024261072837,62.90690531615878,46.04275107454694
35.48133892335757,0.061,2.1643616743248115,3.2304858025217875,76.83751443252154,62.51927750618338,45.63267102098029
35.48133892335757,0.062,2.199843013248169,2.684573180445194,76.54700346116981,62.13633243712971,45.229835399652636
35.48133892335757,0.063,2.235324352171527,2.1926311758110493,76.2586845598604,61.757998550742776,44.83405381413784
35.48133892335757,0.064,2.2708056910948846,1.753504249925903,75.97253297094055,61.38425025814857,44.44514248574412
35.48133892335757,0.065,2.306287030018242,1.3660685469963116,75.68852430878383,61.01500528906804,44.06292396830586
35.48133892335757,0.066,2.3417683689415996,1.0292307979724549,75.4066345528173,60.650138337901154,43.68722687760837
35.48133892335757,0.067,2.3772497078649573,0.7419272704716202,75.12684004070489,60.289533150084814,43.31788563457657
35.48133892335757,0.068,2.412731046788315,0.5031227624981907,74.84911746168348,59.93319817795645,42.95474022141701
35.48133892335757,0.069,2.4482123857116727,0.31180963780760584,74.57344385004723,59.5810585039236,42.597635949956995
35.48133892335757,0.07,2.48369372463503,0.1670069008838082,74.29979657877661,59.23304091645235,42.246423241474304
35.48133892335757,0.07100000000000001,2.5191750635583876,0.06775930961256527,74.02815335330816,58.88895066287414,41.90095741735791
35.48133892335757,0.07200000000000001,2.5546564024817453,0.013136523841589032,73.75849220544166,58.54883870941428,41.56109849998258
35.48133892335757,0.07300000000000001,2.590137741405103,0.002232288116634118,73.49079148738076,58.212641510729846,41.226711023220275
35.48133892335757,0.074,2.62561908032846,0.034163646977884765,73.22502986590432,57.880292225425386,40.89766385204857
35.48133892335757,0.075,2.6611004192518175,0.10807019128830064,72.9611863166642,57.55167648009884,40.573830010749965
35.48133892335757,0.076,2.696581758175175,0.2231133341483562,72.69924011860725,57.22670235743847,40.255086519228605
35.48133892335757,0.077,2.732063097098533,0.3784756150288682,72.43917084851769,56.90538696222231,39.94131423700007
35.48133892335757,0.078,2.7675444360218906,0.5733600308269682,72.18095837567725,56.58766914588453,39.632397714437566
35.48133892335757,0.079,2.803025774945248,0.8069893926181542,71.92458285663963,56.273489089793266,39.328225050883795
35.48133892335757,0.08,2.8385071138686055,1.078605706941957,71.67002473011738,55.962712824652485,39.028687759261246
35.48133892335757,0.081,2.8739884527919632,1.3874695805194186,71.41726471197681,55.65530972876315,38.733680636836255
35.48133892335757,0.082,2.909469791715321,1.732859647357198,71.1662837903404,55.35127520718069,38.44310164181285
35.48133892335757,0.08299999999999999,2.9449511306386777,2.1140720172472176,70.91706322079168,55.05055440522109,38.15685177545163
35.48133892335757,0.08399999999999999,2.9804324695620354,2.530419744720737,70.669584521682,54.7530936322691,37.87483496942704
35.48133892335757,0.08499999999999999,3.015913808485393,2.9812323175639426,70.42382946953575,54.458766700907745,37.59695797815371
35.48133892335757,0.086,3.051395147408751,3.465855164046599,70.17978009455157,54.16754665493863,37.32313027582737
39.810717055349734,0.06,2.388643023320984,3.8378214363482375,77.1344118417049,62.884780862578,46.04624649589867
39.810717055349734,0.061,2.4284537403763338,3.2362420684496023,76.8417049320024,62.49712383477614,45.636130411684256
39.810717055349734,0.062,2.4682644574316837,2.6898225811867107,76.5512143896196,62.1142230659284,45.233259023612234
39.810717055349734,0.063,2.508075174487033,2.197374813248734,76.26291509940498,61.735962401701435,44.83744195013999
39.810717055349734,0.064,2.547885891542383,1.7577434161478354,75.97678232479095,61.362185499261614,44.44849542573644
39.810717055349734,0.065,2.587696608597733,1.369804710499988,75.69279170067668,60.99291413065189,44.06624201582322
39.810717055349734,0.066,2.6275073256530828,1.0324655907453248,75.41091922647155,60.62806782819789,43.690510346335785
39.810717055349734,0.067,2.667318042708432,0.7446624758898959,75.13114125929431,60.26756799073703,43.32113484703644
39.810717055349734,0.068,2.707128759763782,0.5053603039906898,74.85343450732425,59.911264983331534,42.95795550776998
39.810717055349734,0.069,2.746939476819132,0.3135515682344212,74.57777602330037,59.55909940602605,42.600817646906606
39.810717055349734,0.07,2.786750193874482,0.1682553925832624,74.30414319816448,59.2110578082176,42.24957169126664
39.810717055349734,0.07100000000000001,2.8265609109298313,0.06851664507351041,74.03251375484516,58.867068552722465,41.90407296686805
39.810717055349734,0.07200000000000001,2.866371627985181,0.013405086960424528,73.76286574217777,58.527061621091896,41.564181499880554
39.810717055349734,0.07300000000000001,2.906182345040531,0.002014556001933121,73.49517752895852,58.19088284337807,41.229761827209956
39.810717055349734,0.074,2.94599306209588,0.033462182267567364,73.22942779812809,57.85850786037231,40.900682816173166
39.810717055349734,0.075,2.98580377915123,0.10688763494690834,72.96559554108158,57.52991713900472,40.57681749275886
39.810717055349734,0.076,3.02561449620658,0.22145239871396516,72.70366005210245,57.20504669898173,40.25804287800021
39.810717055349734,0.077,3.0654252132619293,0.37633907828164737,72.44360092291615,56.88383396909379,39.94423983201627
39.810717055349734,0.078,3.105235930317279,0.5707507298526502,72.18539803736135,56.56615085823125,39.635292905305455
39.810717055349734,0.079,3.145046647372629,0.8039102182421267,71.92903156617527,56.251943268687754,39.33109019690073
39.810717055349734,0.08,3.184857364427979,1.0750595985107152,71.67448196189058,55.94121653239197,39.031523219019945
39.810717055349734,0.081,3.2246680814833284,1.383459521008037,71.42172995384104,55.63391333254923,38.73648676786644
39.810717055349734,0.082,3.2644787985386783,1.7283886587826784,71.17075654327289,55.32997758333687,38.445878800256615
39.810717055349734,0.08299999999999999,3.3042895155940277,2.109143156368966,70.92154299855977,55.029339579627575,38.159600315769765
39.810717055349734,0.08399999999999999,3.344100232649377,2.525036099010648,70.67407085051853,54.73184770711299,37.87755524413386
39.810717055349734,0.08499999999999999,3.383910949704727,2.9753970014295668,70.42832188782315,54.4375649088829,37.59965033757802
39.810717055349734,0.086,3.423721666760077,3.4595713152921155,70.18427815251489,54.14643968734635,37.32579506789756
44.668359215096345,0.061,2.724769912120877,3.241374781397327,76.84543844478233,62.47700486976573,45.639212436723966
44.668359215096345,0.062,2.7694382713359733,2.6945037348113585,76.55496611408745,62.094078529541164,45.236309138830876
44.668359215096345,0.063,2.81410663055107,2.2016053909568023,76.26668430671879,61.71576316940871,44.84046040679162
44.668359215096345,0.064,2.8587749897661663,1.7615245709776843,75.98056830488892,61.342036376390446,44.45148248639735
44.668359215096345,0.065,2.9034433489812623,1.3731377528210835,75.69659376177931,60.972815644074814,44.06919795305011
44.668359215096345,0.066,2.948111708196359,1.0353519767384909,75.41473669459788,60.60802039533068,43.69343544143665
44.668359215096345,0.067,2.9927800674114553,0.747103796757516,75.1349734777925,60.24750574681762,43.32402938894488
44.668359215096345,0.068,3.037448426626552,0.5073582758485669,74.85728083641544,59.891193664402635,42.960819792014206
44.668359215096345,0.069,3.0821167858416483,0.3151080226408851,74.58163583963562,59.539079145269994,42.603651974665524
44.668359215096345,0.07,3.1267851450567443,0.16937226766412494,74.30801589439467,59.19108880412133,42.25237636850572
44.668359215096345,0.07100000000000001,3.171453504271841,0.06919597720431048,74.03639873920275,58.84715092642922,41.906848303548664
44.668359215096345,0.07200000000000001,3.2161218634869373,0.013649002970207214,73.76676243807091,58.50717371465551,41.566927809236546
44.668359215096345,0.07300000000000001,3.260790222702034,0.0018252658649977604,73.49908537457644,58.170998585369794,41.23247942508623
44.668359215096345,0.074,3.3054585819171294,0.03284197225230012,73.2333462460574,57.83867321867232,40.90337202042125
44.668359215096345,0.075,3.350126941132226,0.10583886119251962,72.96952405793408,57.51013212708491,40.57947862268472
44.668359215096345,0.076,3.394795300347322,0.21997748120829552,72.70759811815267,57.18531127560048,40.26067625386042
44.668359215096345,0.077,3.4394636595624184,0.3744404952146436,72.4475480317496,56.864148042880856,39.94684577455828
44.668359215096345,0.078,3.484132018777515,0.5684310123222831,72.18935369553218,56.546508774983394,39.63787173534882
44.668359215096345,0.079,3.5288003779926114,0.8011719452903447,71.93299529287391,56.2323474215482,39.33364223495591
44.668359215096345,0.08,3.573468737207708,1.0719053924694801,71.67845328862023,55.92166685741278,39.03404878494152
44.668359215096345,0.081,3.618137096422804,1.379892043135821,71.42570842410339,55.61440972669075,38.73898618053829
44.668359215096345,0.082,3.6628054556379004,1.7244106051738353,71.1747417122623,55.310519907809876,38.448352377306385
44.668359215096345,0.08299999999999999,3.707473814852996,2.104757254119034,70.92553443286621,55.00994248146115,38.1620483733103
44.668359215096345,0.08399999999999999,3.7521421740680925,2.520245102622095,70.67806812783826,54.71254319117679,37.879978096529584
44.668359215096345,0.08499999999999999,3.796810533283189,2.9702036894431814,70.43232459667777,54.418301544521036,37.602048297234106
44.668359215096345,0.086,3.8414788924982854,3.453978487130482,70.1882858919777,54.127217386434886,37.328168445070304
50.11872336272725,0.061,3.057242125126362,3.245950520419001,76.84876467745895,62.458601432211445,45.64195769438173
50.11872336272725,0.062,3.1073608484890896,2.698677219840568,76.55830857823966,62.07573927657519,45.23902593973512
50.11872336272725,0.063,3.157479571851817,2.205377501089979,76.27004235286054,61.697419944439496,44.84314897523767
50.11872336272725,0.064,3.2075982952145443,1.7648963365680546,75.98394130026232,61.32369061341983,44.45414305672312
50.11872336272725,0.065,3.2577170185772717,1.3761103445116358,75.6999810899112,60.95446868031526,44.07183076844924
50.11872336272725,0.066,3.3078357419399986,1.0379266951916066,75.41813775486956,60.58967347741171,43.6960407528705
50.11872336272725,0.067,3.357954465302726,0.7492820630347929,75.13838768502148,60.22922621792247,43.32660745414526
50.11872336272725,0.068,3.4080731886654534,0.5091416223985243,74.86070762044953,59.87298319500369,42.96337087456972
50.11872336272725,0.069,3.4581919120281808,0.3164980848546577,74.58507464495852,59.52086620337967,42.6061763431843
50.11872336272725,0.07,3.508310635390908,0.1703707759622941,74.31146617974287,59.172874514175064,42.254874295848815
50.11872336272725,0.07100000000000001,3.558429358753635,0.06980474962055827,74.03985997719339,58.828936345159896,41.90932006612799
50.11872336272725,0.07200000000000001,3.6085480821163625,0.013869938199752685,73.77023411484016,58.48898154325995,41.569373686372494
50.11872336272725,0.07300000000000001,3.65866680547909,0.0016603367482610487,73.50256698942817,58.15294153998946,41.23489969842
50.11872336272725,0.074,3.7087855288418163,0.03229321966585874,73.23683731112197,57.82067139248794,40.90576697337758
50.11872336272725,0.075,3.7589042522045437,0.10490838832165639,72.97302409783633,57.4921263937185,40.58184853998103
50.11872336272725,0.076,3.809022975567271,0.2186674481770392,72.7111066696896,57.167302614895014,40.26302142105853
50.11872336272725,0.077,3.8591416989299985,0.37275311405081024,72.45106464357693,56.846137385401036,39.94916647765566
50.11872336272725,0.078,3.909260422292726,0.566368542236563,72.1928779278598,56.52856941343223,39.64016826040579
50.11872336272725,0.079,3.959379145655453,0.7987366882498819,71.93652671716953,56.21453874937185,39.335914867756294
50.11872336272725,0.08,4.009497869018181,1.069099689047691,71.6819914873217,55.903946566246965,39.03629781068405
50.11872336272725,0.081,4.059616592380907,1.3767182686212749,71.42925299033848,55.596681807826876,38.7412118835562
50.11872336272725,0.082,4.1097353157436345,1.7208711659224223,71.17829224957669,55.29278531217778,38.450555040813136
50.11872336272725,0.08299999999999999,4.159854039106362,2.100854584134362,70.92909055495866,54.99220212183763,38.16422827916921
50.11872336272725,0.08399999999999999,4.209972762469088,2.5159816603501386,70.68162945830323,54.69487845234792,37.8821355250457
50.11872336272725,0.08499999999999999,4.260091485831816,2.965581954768256,70.43589076875494,54.4007616619834,37.604183526966416
50.11872336272725,0.086,4.310210209194543,3.449000958560326,70.19185654830855,54.10980022237744,37.33028175266264
56.23413251903491,0.061,3.430282083661129,3.250028789415003,76.851727898631,62.44180920573516,45.64440246744722
56.23413251903491,0.062,3.4865162161801644,2.702397195594113,76.56128626241687,62.05890583560749,45.24144533380196
56.23413251903491,0.063,3.542750348699199,2.2087399709363913,76.27303392129039,61.680676503008684,44.84554319033815
56.23413251903491,0.064,3.5989844812182343,1.767902222689528,75.98694618909323,61.30703650930229,44.45651230184018
56.23413251903491,0.065,3.655218613737269,1.378760694160417,75.70299874979794,60.93784898355567,44.074175260459256
56.23413251903491,0.066,3.7114527462563043,1.040222671533778,75.42116765058981,60.57300112965217,43.69836071557397
56.23413251903491,0.067,3.767686878775339,0.7512249365739385,75.14142929510375,60.21250336016578,43.32890311737839
56.23413251903491,0.068,3.8239210112943742,0.5107327629409149,74.86376043681148,59.85627864624193,42.96564247339011
56.23413251903491,0.069,3.880155143813409,0.31773895398097607,74.58813817255599,59.504251738842996,42.608424117125
56.23413251903491,0.07,3.9363892763324437,0.17126291997260323,74.31453993622868,59.15634911914351,42.25709848823494
56.23413251903491,0.07100000000000001,3.992623408851479,0.07034979292231514,74.042943492586,58.81248967219912,41.911520923451036
56.23413251903491,0.07200000000000001,4.048857541370514,0.01406957711005763,73.77332693120178,58.4724814742229,41.57155145771774
56.23413251903491,0.07300000000000001,4.105091673889548,0.0015163336840346986,73.50566866055175,58.13639010255079,41.23705463494264
56.23413251903491,0.074,4.161325806408583,0.03180739769718133,73.23994740222734,57.804148474076264,40.90789932782371
56.23413251903491,0.075,4.217559938927618,0.1040826260652381,72.97614218527478,57.47569100701605,40.58395856625006
56.23413251903491,0.076,4.273794071446653,0.21750367500833878,72.7142323406567,57.15095358032127,40.26510937380359
56.23413251903491,0.077,4.330028203965687,0.3712533056148868,72.45419749583341,56.82987349434598,39.951232611918954
56.23413251903491,0.078,4.386262336484723,0.5645347162388332,72.19601756946032,56.51234280350742,39.642212831286386
56.23413251903491,0.079,4.442496469003758,0.7965709005094332,71.93967276619894,56.198257195116874,39.337938130107474
56.23413251903491,0.08,4.498730601522793,1.0666040297968418,71.68514357163858,55.88765223119704,39.038300018838044
56.23413251903491,0.081,4.554964734041827,1.3738948590362083,71.43241074732587,55.580470493870216,38.74319329107422
56.23413251903491,0.082,4.611198866560863,1.7177221548705441,71.18145532589966,55.276655805150476,38.45251590025853
56.23413251903491,0.08299999999999999,4.667432999079897,2.0973821451251657,70.93225860632847,54.976153194537545,38.16616884190216
56.23413251903491,0.08399999999999999,4.723667131598932,2.512187988677264,70.68480214924813,54.67890886758292,37.88405604103749
56.23413251903491,0.08499999999999999,4.779901264117966,2.961469264830959,70.43906777239718,54.38485044261842,37.606084244631916
56.23413251903491,0.086,4.836135396637002,3.444571481353253,70.19503754614732,54.093830096890336,37.33216291870959
63.095734448019364,0.061,3.848839801329181,3.2536627421850213,76.85436753324392,62.42655726488833,45.64657909209563
63.095734448019364,0.062,3.9119355357772005,2.705712055958844,76.56393878059444,62.04369816321236,45.24359932073935
63.095734448019364,0.063,3.97503127022522,2.211736445614316,76.27569880733071,61.665513198429245,44.84767471802125
63.095734448019364,0.064,4.03812700467324,1.7705811385923056,75.9896229405682,61.29181662692913,44.45862155670503
63.095734448019364,0.065,4.101222739121259,1.3811229896774262,75.70568687720176,60.922584893303295,44.07626243597859
63.095734448019364,0.066,4.164318473569279,1.042269388370055,75.42386667699772,60.55778211762931,43.70042601139315
63.095734448019364,0.067,4.227414208017298,0.7529572121048078,75.14413875584066,60.19732937121834,43.330946738523295
63.095734448019364,0.068,4.2905099424653175,0.5121518230494218,74.86647987912997,59.84114956268689,42.96766462954126
63.095734448019364,0.069,4.353605676913337,0.31884610634666544,74.5908671553237,59.48916738629448,42.61042502195239
63.095734448019364,0.07,4.416701411361356,0.17205954778228372,74.31727802962456,59.14130927194611,42.25907835878881
63.095734448019364,0.07100000000000001,4.479797145809376,0.07083734897555738,74.0456902778052,58.79738248398855,41.9134799796041
63.095734448019364,0.07200000000000001,4.542892880257395,0.014249578294150744,73.7760820001689,58.45741746280718,41.57348992165455
63.095734448019364,0.07300000000000001,4.6059886147054145,0.0013903557945347256,73.5084316156424,58.12136905922662,41.23897273069254
63.095734448019364,0.074,4.669084349153433,0.03137707058228645,73.24271785599727,57.78917015079494,40.90979728083384
63.095734448019364,0.075,4.7321800836014525,0.10334962907331713,72.97891976019686,57.46075512029988,40.58583660299508
63.095734448019364,0.076,4.795275818049472,0.21646973271960945,72.71701666886521,57.13605981491567,40.266967721429424
63.095734448019364,0.077,4.858371552497491,0.3699201838392352,72.45698821887555,56.81502150662261,39.95307149791777
63.095734448019364,0.078,4.921467286945511,0.5629042182632098,72.19881433805446,56.497509718965965,39.644032483200206
63.095734448019364,0.079,4.98456302139353,0.7946448635794359,71.94247523999987,56.18346256462766,39.339738775258425
63.095734448019364,0.08,5.0476587558415495,1.0643843218175792,71.68795141900902,55.872895803038574,39.04008188408296
63.095734448019364,0.081,5.110754490289569,1.3713833754793296,71.43522364511455,55.56575199375606,38.744956602581674
63.095734448019364,0.082,5.173850224737588,1.7149208158744091,71.1842729592253,55.26197493867154,38.454260883306645
63.095734448019364,0.08299999999999999,5.236945959185607,2.094292892776574,70.93508066836988,54.961509649438796,38.167895720695455
63.095734448019364,0.08399999999999999,5.300041693633626,2.5088127844633537,70.68762834103995,54.664302315883994,37.88576503854133
63.095734448019364,0.08499999999999999,5.363137428081646,2.957810087251147,70.44189780263127,54.37030027536474,37.607775582423194
63.095734448019364,0.086,5.426233162529665,3.44063032368158,70.19787113097962,54.07937139240062,37.33383681684225
70.79457843841381,0.061,4.318469284743242,3.256899836664922,76.85671869127866,62.412661067752744,45.64851637050345
70.79457843841381,0.062,4.389263863181656,2.708665020164057,76.5663014114258,62.029804481831476,45.245516402486864
70.79457843841381,0.063,4.46005844162007,2.21440591557019,76.2780724514617,61.65162286483414,44.84957176240933
70.79457843841381,0.064,4.530853020058484,1.772967857431751,75.99200715032634,61.27800745295539,44.46049873014512
70.79457843841381,0.065,4.601647598496898,1.3832277998724756,75.70808121642624,60.90877567231658,44.078119911152484
70.79457843841381,0.066,4.672442176935312,1.0440932244563847,75.42627072073539,60.54397368260772,43.70226396648273
70.79457843841381,0.067,4.743236755373726,0.754501093866899,75.14655209005087,60.18352249587338,43.33276535650447
70.79457843841381,0.068,4.81403133381214,0.5134168491360569,74.868902100398,59.8273449655562,42.96946409753678
70.79457843841381,0.069,4.8848259122505535,0.3198334482886487,74.59329787058225,59.47536573457865,42.612205530639
70.79457843841381,0.07,4.955620490688967,0.1727704443863407,74.31971685588326,59.12751118510434,42.26084010185416
70.79457843841381,0.07100000000000001,5.026415069127381,0.07127310107006979,74.0481368418878,58.78370938991862,41.915223153249435
70.79457843841381,0.07200000000000001,5.097209647565795,0.014411543804076166,73.778535938458,58.44380652189784,41.57521472413961
70.79457843841381,0.07300000000000001,5.168004226004209,0.0012799451246130467,73.51089257383137,58.10775629638392,41.24067936191922
70.79457843841381,0.074,5.238798804442622,0.030995742288627115,73.24518548884903,57.775556248486055,40.91148594196548
70.79457843841381,0.075,5.309593382881036,0.10269888580546249,72.98139373130965,57.447140723726505,40.58750749610864
70.79457843841381,0.076,5.38038796131945,0.21555111741558042,72.71949665044488,57.12244553432397,40.26862104919789
70.79457843841381,0.077,5.4511825397578635,0.3687352761580682,72.45947389151412,56.80140791947558,39.95470746332035
70.79457843841381,0.078,5.521977118196277,0.5614546312399229,72.20130539051499,56.483966506875575,39.645651289258254
70.79457843841381,0.079,5.592771696634691,0.7929322404885557,71.94497136900728,56.17006127542787,39.341340624794924
70.79457843841381,0.08,5.663566275073105,1.0624103332324153,71.69045232904661,55.85958141202269,39.041666979503745
70.79457843841381,0.081,5.734360853511519,1.3691497165148196,71.43772904822629,55.55243081607202,38.746525145676735
70.79457843841381,0.082,5.805155431949933,1.7124292036022015,71.1867825748235,55.24864767891571,38.45581307506988
70.79457843841381,0.08299999999999999,5.875950010388346,2.091545063801895,70.93759422304821,54.948176985292335,38.16943176116141
70.79457843841381,0.08399999999999999,5.94674458882676,2.5058104926537315,70.69014556839149,54.65096489942184,37.88728512663766
70.79457843841381,0.08499999999999999,6.0175391672651735,2.9545551016077,70.44441844307157,54.35695873429548,37.60927991583752
70.79457843841381,0.086,6.088333745703587,3.4371244263442327,70.20039493157469,54.066106921886764,37.33532559190236
79.43282347242821,0.061,4.845402231818121,3.259782424327631,76.85881263808979,62.40003522042685,45.65023994820117
79.43282347242821,0.062,4.924835055290549,2.7112946656854247,76.56840557069725,62.01713960739937,45.247221956759375
79.43282347242821,0.063,5.0042678787629775,2.216783193144619,76.280186413802,61.63892062312729,44.85125943555893
79.43282347242821,0.064,5.083700702235405,1.7750934366755917,75.99413051687776,61.26529335579615,44.46216867080747
79.43282347242821,0.065,5.163133525707834,1.3851024388999615,75.71021359858592,60.896174911273064,44.07977227354777
79.43282347242821,0.066,5.2425663491802625,1.0457177633951704,75.42841173988491,60.53148435502738,43.703898909729155
79.43282347242821,0.067,5.32199917265269,0.7558764487839915,75.1487013772932,60.17108859286174,43.33438304398886
79.43282347242821,0.068,5.401431996125119,0.5145440063473665,74.87105929630232,59.814868953210976,42.97106469633794
79.43282347242821,0.069,5.480864819597547,0.32071345902696957,74.59546262493598,59.462849234405056,42.61378921099921
79.43282347242821,0.07,5.560297643069975,0.17340441980470844,74.3218888274511,59.114955770539204,42.262407036695166
79.43282347242821,0.07100000000000001,5.639730466542404,0.07166220755860819,74.05031569817773,58.77111658801964,41.91677351772927
79.43282347242821,0.07200000000000001,5.719163290014832,0.014556998600310234,73.78072135549384,58.431261358435876,41.57674869524697
79.43282347242821,0.07300000000000001,5.79859611348726,0.0011830121984544029,73.51308423593177,58.09532135294226,41.24219711810237
79.43282347242821,0.074,5.878028936959687,0.03065772848463455,73.24738308841295,57.763229398095014,40.912987662793014
79.43282347242821,0.075,5.957461760432116,0.10212113722580551,72.9835969686074,57.43491983309335,40.58899336195949
79.43282347242821,0.076,6.036894583904544,0.2147350160288921,72.72170523341548,57.11021870889349,40.27009124097826
79.43282347242821,0.077,6.116327407376972,0.3676822366197108,72.46168753556802,56.78913681819189,39.9561621622055
79.43282347242821,0.078,6.195760230849401,0.5601660979105842,72.20352381834249,56.47165272887491,39.64709067645716
79.43282347242821,0.079,6.275193054321829,0.7914096846387775,71.94719431039212,56.15770638112195,39.34276488133589
79.43282347242821,0.08,6.354625877794257,1.0606552504216111,71.69267952068492,55.84723903103876,39.04307628603949
79.43282347242821,0.081,6.434058701266685,1.3671636241337808,71.4399602335503,55.54019321562269,38.74791968230738
79.43282347242821,0.082,6.513491524739114,1.7102136385693578,71.18901750383034,55.23651271880277,38.45719302118224
79.43282347242821,0.08299999999999999,6.5929243482115405,2.089101580403583,70.93983265213323,54.93614253851828,38.17079729528363
79.43282347242821,0.08399999999999999,6.672357171683969,2.5031406605199007,70.69238726018638,54.63902885480039,37.888636426307684
79.43282347242821,0.08499999999999999,6.751789995156398,2.9516605038147015,70.44666316628663,54.34507080500006,37.6106171574845
79.43282347242821,0.086,6.8312228186288255,3.4340066576370205,70.20264246084558,54.05416920041626,37.3366489507399
89.12509381337459,0.061,5.43663072261585,3.2623482804507944,76.86067721287058,62.38855569768726,45.65177265149403
89.12509381337459,0.062,5.525755816429225,2.7136354082156844,76.57027923169377,62.00573568889904,45.248738570944035
89.12509381337459,0.063,5.614880910242599,2.218899342384742,76.28206879629434,61.62759120384233,44.85276008786306
89.12509381337459,0.064,5.704006004055974,1.7769855979133102,75.99602126552973,61.25391724915707,44.46365349409669
89.12509381337459,0.065,5.793131097869349,1.386771296237213,75.71211236719682,60.88471921547452,44.081241405658346
89.12509381337459,0.066,5.882256191682723,1.047164073969097,75.43031819114853,60.51995156213017,43.70535249285619
89.12509381337459,0.067,5.971381285496098,0.7571010373537477,75.15061518256371,60.15953520487501,43.335821224125596
89.12509381337459,0.068,6.060506379309473,0.515547760222671,74.8729801353669,59.80339290910902,42.97248762276174
89.12509381337459,0.069,6.149631473122847,0.32149732331628544,74.59739018579396,59.451449237400425,42.615197035800755
89.12509381337459,0.07,6.238756566936222,0.1739693929621513,74.3238228060994,59.10363049871846,42.26379991434713
89.12509381337459,0.07100000000000001,6.327881660749597,0.07200933721034297,74.0522557984024,58.75986469931817,41.91815160469143
89.12509381337459,0.07200000000000001,6.417006754562971,0.014687377632545351,73.78266728866755,58.42008149521683,41.57811214960482
89.12509381337459,0.07300000000000001,6.506131848376346,0.001097775090109332,73.51503572081702,58.08412051440026,41.24354609923647
89.12509381337459,0.074,6.595256942189719,0.03035804786935259,73.2493398509707,57.751947461964754,40.914322331076704
89.12509381337459,0.075,6.684382036003094,0.1016082206686304,72.98555874181133,57.42355930652937,40.590313878482746
89.12509381337459,0.076,6.773507129816469,0.21401010300404155,72.72367175707129,57.09889180910359,40.2713977672955
89.12509381337459,0.077,6.862632223629843,0.3667465956769771,72.46365855613774,56.7778821619828,39.95745486010553
89.12509381337459,0.078,6.951757317443218,0.5590210240183848,72.20549908877389,56.46046894997784,39.64836970775349
89.12509381337459,0.079,7.040882411256593,0.7900564966929919,71.94917358995264,56.14659211285566,39.344030407675824
89.12509381337459,0.08,7.130007505069967,1.059095288909834,71.69466257480029,55.83619290894919,39.04432846873048
89.12509381337459,0.081,7.219132598883342,1.3653982489454357,71.44194683364775,55.52921387989572,38.74915868215926
89.12509381337459,0.082,7.308257692696717,1.7082442269427442,71.1910074271859,55.22559881646503,38.45841899836424
89.12509381337459,0.08299999999999999,7.39738278651009,2.0869295250013256,70.94182568172337,54.92521702447893,38.17201040919476
89.12509381337459,0.08399999999999999,7.486507880323465,2.500767367625054,70.6943831845437,54.628018935295955,37.8898368354597
89.12509381337459,0.08499999999999999,7.575632974136839,2.9490873916402016,70.44866177935955,54.33402727443543,37.61180501939624
89.12509381337459,0.086,7.664758067950214,3.4312351547414783,70.20464356186167,54.04319044296267,37.3378244218423
100.0,0.061,6.1,3.264631080642655,76.86233720099197,62.37822116856945,45.65313478855764
100.0,0.062,6.2,2.715717933413,76.57194729924316,61.995332836626005,45.250086340053215
100.0,0.063,6.3,2.2207820661346855,76.28374461838249,61.61707290725835,44.854093602888994
100.0,0.064,6.4,1.7786690694243261,75.99770452562665,61.24340688706725,44.46497287392605
100.0,0.065,6.5,1.388256134880292,75.7138027569106,60.87425178314497,44.082546773598814
100.0,0.066,6.6000000000000005,1.0484509641279773,75.43201541001072,60.50952656785219,43.706643976091414
100.0,0.067,6.7,0.758190723601075,75.15231893782081,60.14915212231972,43.33709895321559
100.0,0.068,6.800000000000001,0.5164410428009134,74.87469014177793,59.7930511818214,42.973751731185054
100.0,0.069,6.9,0.32219505390335534,74.59910616543361,59.44114828294882,42.61644765953503
100.0,0.07,7.000000000000001,0.17447247070329053,74.32554448816704,59.09336971252229,42.26503719148486
100.0,0.07100000000000001,7.1000000000000005,0.07231870499907989,74.05398291903636,58.74964345817426,41.919375675088254
100.0,0.07200000000000001,7.200000000000001,0.014804018624729798,73.78439959076475,58.40978078083208,41.579323154557514
100.0,0.07300000000000001,7.300000000000001,0.0010227094362342815,73.51677295385765,58.07379659888942,41.244744181188516
100.0,0.074,7.3999999999999995,0.030092329650945437,73.25108177084792,57.74166248075974,40.915507633349044
100.0,0.075,7.5,0.101152935026118,72.98730511066566,57.413312701225095,40.591486545027756
100.0,0.076,7.6,0.21336636344394133,72.72542234312962,57.08868300893337,40.27255794247247
100.0,0.077,7.7,0.365915541546906,72.46541313355709,56.767710586173706,39.95860268847575
100.0,0.078,7.8,0.5580038181398066,72.20725743748922,56.45033400991939,39.649505333893536
100.0,0.079,7.9,0.7888543231415297,71.95093549552898,56.13649321409383,39.34515397600752
100.0,0.08,8.0,1.05770935093412,71.69642782828912,55.826129453017046,39.045440123366326
100.0,0.081,8.1,1.3638297670160835,71.44371523144713,55.519185265991,38.75025856676196
100.0,0.082,8.200000000000001,1.7064944369231179,71.19277877090464,55.21560444298498,38.45950725601937
100.0,0.08299999999999999,8.299999999999999,2.0849996764329175,70.94359977804876,54.9152199395956,38.17308718229545
100.0,0.08399999999999999,8.399999999999999,2.4986587221204246,70.69615984511302,54.61805282919495,37.890902265602364
100.0,0.08499999999999999,8.5,2.946801221376785,70.450440820635,54.32409170896845,37.61285924728665
100.0,0.086,8.6,3.4287727410502757,70.20642480500875,54.03328497742707,37.33886758721091
112.20184543019641,0.061,6.844312571241981,3.2666608286943406,76.86381466532005,62.3687512108792,45.65434441812765
112.20184543019641,0.062,6.956514416672178,2.7175695848865864,76.57343194256168,61.985842656508495,45.251283132622895
112.20184543019641,0.063,7.068716262102374,2.222456054258382,76.28523615132099,61.60759116218465,44.855277660509785
112.20184543019641,0.064,7.1809181075325705,1.780165894755851,75.99920266626093,61.23393388416224,44.4661443031076
112.20184543019641,0.065,7.293119952962767,1.389576360407386,75.71530723056597,60.86478779008306,44.08370568477939
112.20184543019641,0.066,7.405321798392964,1.049595210679883,75.43352594907068,60.50007181630923,43.70779048315251
112.20184543019641,0.067,7.51752364382316,0.7591596655506061,75.15383528154139,60.13970681117952,43.338233173036926
112.20184543019641,0.068,7.629725489253357,0.5172354040379139,74.87621203610732,59.78361548015215,42.97487378323689
112.20184543019641,0.069,7.741927334683553,0.3228156040619905,74.60063336283694,59.43172233276437,42.61755766550452
112.20184543019641,0.07,7.85412918011375,0.17492002162658427,74.32707674745615,59.0839536313419,42.26613527493397
112.20184543019641,0.07100000000000001,7.966331025543946,0.07259410742545058,74.05552000520451,58.74023734139398,41.9204619611405
112.20184543019641,0.07200000000000001,8.078532870974144,0.014908159082169137,73.78594127482583,58.40050308363229,41.58039776961127
112.20184543019641,0.07300000000000001,8.19073471640434,0.0009565073309529826,73.51831901269013,58.064537354561374,41.24580725265483
112.20184543019641,0.074,8.302936561834533,0.029856734538086016,73.25263198704306,57.732407255289615,40.9165592894119
112.20184543019641,0.075,8.415138407264731,0.10074892405092117,72.98885927238007,57.404061757803895,40.592526914425115
112.20184543019641,0.076,8.527340252694927,0.21279493894269486,72.72698024394191,57.07943659157172,40.27358715429627
112.20184543019641,0.077,8.639542098125125,0.36517772879767385,72.46697457232855,56.758468921183436,39.95962087198959
112.20184543019641,0.078,8.75174394355532,0.5571006632533957,72.20882221822833,56.44109730729467,39.650512618366434
112.20184543019641,0.079,8.863945788985516,0.787786891084223,71.95250342725978,56.12726166879795,39.34615049056259
112.20184543019641,0.08,8.976147634415714,1.05647872367379,71.69799872492315,55.81690324618045,39.04642599684319
112.20184543019641,0.081,9.08834947984591,1.3624370417841036,71.44528891165892,55.50996456602648,38.7512339275918
112.20184543019641,0.082,9.200551325276106,1.7049407245851,71.19435505801063,55.20638940662472,38.46047223211158
112.20184543019641,0.08299999999999999,9.312753170706301,2.083286099961415,70.94517849988964,54.90612276464182,38.17404190093503
112.20184543019641,0.08399999999999999,9.424955016136497,2.496786415163444,70.69774083393911,54.60911082282554,37.89184685335726
112.20184543019641,0.08499999999999999,9.537156861566695,2.9447713269162152,70.45202391299489,54.31520625526855,37.61379382992408
112.20184543019641,0.086,9.64935870699689,3.4265864101449752,70.208009841641,54.02439516744048,37.33979228962215
125.89254117941675,0.061,7.679445011944422,3.268464240508611,76.86512924105017,62.36001614195932,45.655417589389515
125.89254117941675,0.062,7.805337553123839,2.7192147126265214,76.57475289145697,61.97723043050648,45.252344828129296
125.89254117941675,0.063,7.931230094303255,2.2239432966594586,76.28656321568948,61.59912075611959,44.85632797186989
125.89254117941675,0.064,8.057122635482672,1.7814957104340654,76.00053559504346,61.22544603022029,44.46718332588942
125.89254117941675,0.065,8.183015176662089,1.390749263494199,75.71664577916087,60.85627506165119,44.08473351803829
125.89254117941675,0.066,8.308907717841507,1.0506117667345394,75.43486987916341,60.49153523920407,43.70880722899894
125.89254117941675,0.067,8.434800259020923,0.7600204877311407,75.15518436093922,60.131147376328656,43.33923893624027
125.89254117941675,0.068,8.56069280020034,0.5179411495142294,74.87756603857858,59.775034145150514,42.97586867086244
125.89254117941675,0.069,8.686585341379757,0.32336697065489783,74.60199206795504,59.42312002334859,42.61854178658091
125.89254117941675,0.07,8.812477882559174,0.17531774465836936,74.32843994044795,59.075331242787094,42.267108740148615
125.89254117941675,0.07100000000000001,8.93837042373859,0.07283895676821439,74.05688747680303,58.7315957398375,41.921424882560714
125.89254117941675,0.07200000000000001,9.064262964918008,0.015000936391289743,73.78731282112712,58.39184310732825,41.581350260429176
125.89254117941675,0.07300000000000001,9.190155506097424,0.0008980434516943081,73.51969443501419,58.0560045480631,41.24674942695392
125.89254117941675,0.074,9.316048047276839,0.029647887074486956,73.25401109179869,57.72401282985081,40.917491261953735
125.89254117941675,0.075,9.441940588456257,0.10039057508664118,72.9902418709335,57.39580224199128,40.5934488004544
125.89254117941675,0.076,9.567833129635673,0.21228799290413924,72.7283661524892,57.07121612001028,40.274499069362996
125.89254117941675,0.077,9.69372567081509,0.36452311045063546,72.46836361177138,56.7502180936287,39.96052293178674
125.89254117941675,0.078,9.819618211994507,0.5562993158246634,72.2102142140534,56.43281723839415,39.651404938582104
125.89254117941675,0.079,9.945510753173924,0.7868397745005669,71.9538982094215,56.11895344585011,39.347033186745435
125.89254117941675,0.08,10.07140329435334,1.0553868129108817,71.69939612772961,55.808567929722294,39.047299184280014
125.89254117941675,0.081,10.197295835532758,1.3612013253187065,71.44668877366098,55.50160319041386,38.7520977211964
125.89254117941675,0.082,10.323188376712174,1.7035622029440955,71.19575722189407,55.19800298060521,38.46132674632402
125.89254117941675,0.08299999999999999,10.449080917891589,2.0817657843617767,70.9465828123703,54.89771227191982,38.17488724963041
125.89254117941675,0.08399999999999999,10.574973459071007,2.4951253262374555,70.69914714566083,54.60067722261931,37.892683149763315
125.89254117941675,0.08499999999999999,10.700866000250423,2.942970493517124,70.45343207843037,54.306845146292254,37.614621186546856
125.89254117941675,0.086,10.82675854142984,3.4246468682276303,70.20941971899524,54.01616448150257,37.34061081817922
141.25375446227554,0.061,8.616479022198808,3.2700650885586864,76.86629839809878,62.35206423978207,45.65636855637692
141.25375446227554,0.062,8.757732776661083,2.720674985842739,76.57592769994571,61.96923221934315,45.25328552920485
141.25375446227554,0.063,8.89898653112336,2.225263364575739,76.28774344618532,61.59107781534553,44.857258489438344
141.25375446227554,0.064,9.040240285585634,1.782675995800354,76.00172102402117,61.21751591258631,44.46810374586663
141.25375446227554,0.065,9.18149404004791,1.3917902383885474,75.71783618884685,60.848463432961026,44.0856439294315
141.25375446227554,0.066,9.322747794510185,1.0515139489218277,75.43606505738401,60.48383927595092,43.70970772352209
141.25375446227554,0.067,9.464001548972462,0.7607844372528074,75.15638410097338,60.12356426112507,43.3401296079614
141.25375446227554,0.068,9.605255303434737,0.5185674654932717,74.87877013901482,59.76750145240362,42.97674961588065
141.25375446227554,0.069,9.746509057897013,0.32385628830248114,74.60320033255239,59.415529681383155,42.619413102730384
141.25375446227554,0.07,9.887762812359288,0.17567073246877118,74.32965217800096,59.06768508637703,42.26797052672764
141.25375446227554,0.07100000000000001,10.029016566821564,0.0730563138900775,74.0581035010105,58.7238955654349,41.92227724008354
141.25375446227554,0.07200000000000001,10.17027032128384,0.015083390163693533,73.78853245046471,58.38409067321966,41.582193290399076
141.25375446227554,0.07300000000000001,10.311524075746116,0.000846347094619615,73.52091749261052,58.04820157458002,41.24758323165551
141.25375446227554,0.074,10.452777830208388,0.029462817523794316,73.25523740531492,57.716160999629466,40.9183159442633
141.25375446227554,0.075,10.594031584670665,0.100072930964487,72.99147127244639,57.3879032002768,40.594264463666505
141.25375446227554,0.076,10.735285339132941,0.21183859261615656,72.72959847837735,57.06336390815626,40.27530581703229
141.25375446227554,0.077,10.876539093595216,0.3639427904019743,72.46959870260467,56.742480293906645,39.961320867583694
141.25375446227554,0.078,11.017792848057493,0.5555889287475597,72.21145191448554,56.42519092775133,39.65219416616154
141.25375446227554,0.079,11.159046602519767,0.7860001878863021,71.95513836808558,56.11143574133239,39.3478138096269
141.25375446227554,0.08,11.300300356982044,1.0544189075398225,71.70063859713649,55.801155990754594,39.04807130573896
141.25375446227554,0.081,11.441554111444319,1.3601059938822622,71.44793341010049,55.49429422079596,38.75286144416547
141.25375446227554,0.082,11.582807865906595,1.7023403487530007,71.197003885339,55.19079423024401,38.462082173303514
141.25375446227554,0.08299999999999999,11.724061620368868,2.0804183201353306,70.9478313663829,54.890448647717776,38.175634482607286
141.25375446227554,0.08399999999999999,11.865315374831145,2.4936531729689597,70.70039745730205,54.593351586111005,37.89342229013798
141.25375446227554,0.08499999999999999,12.00656912929342,2.941374579410464,70.45468401817138,54.29945948827595,37.6153523350672
141.25375446227554,0.086,12.147822883755696,3.4229281277012955,70.21067316063154,54.00872075032915,37.34133407488133
158.48931924611142,0.061,9.667848474012796,3.271484511066377,76.86733767466019,62.345231547530574,45.65720996994645
158.48931924611142,0.062,9.826337793258908,2.7219696739623496,76.57697198090813,61.96231700945874,45.25411775169828
158.48931924611142,0.063,9.98482711250502,2.2264336634573896,76.2887925273305,61.58407952880036,44.85808159517214
158.48931924611142,0.064,10.143316431751131,1.7837222978420697,76.00277470639244,61.21043705595667,44.468917812266426
158.48931924611142,0.065,10.301805750997243,1.392712979773838,75.71889427860995,60.8413064679149,44.08644903665869
158.48931924611142,0.066,10.460295070243355,1.0523136063770768,75.43712736569206,60.47660661849223,43.710503954131575
158.48931924611142,0.067,10.618784389489466,0.7614615250101999,75.15745044383564,60.116258280997286,43.34091704658797
158.48931924611142,0.068,10.777273708735578,0.5191225324458326,74.87984033716921,59.760184092817106,42.97752834895155
158.48931924611142,0.069,10.93576302798169,0.32428991533853835,74.60427421134176,59.40830850185728,42.620183218202186
158.48931924611142,0.07,11.094252347227801,0.17598352997433242,74.33072956725272,59.06055771476649,42.26873211384514
158.48931924611142,0.07100000000000001,11.252741666473913,0.07324891940807388,74.0591842349199,58.716859646878724,41.92303038915922
158.48931924611142,0.07200000000000001,11.411230985720024,0.015156466200298535,73.78961636748119,58.377143873809594,41.582938092611236
158.48931924611142,0.07300000000000001,11.569720304966134,0.0008005790629945775,73.52200443532742,58.041341584645636,41.24831977886373
158.48931924611142,0.074,11.728209624212244,0.029298911816623807,73.25632722036224,57.70938553666798,40.919044328839746
158.48931924611142,0.075,11.886698943458356,0.09979161314707796,72.99256381038664,57.381210011553904,40.59498477834188
158.48931924611142,0.076,12.045188262704468,0.21144060573260015,72.73069359360416,57.05673303406324,40.27601815475529
158.48931924611142,0.077,12.20367758195058,0.36342889338712614,72.4706962532444,56.73576087422104,39.96202532139278
158.48931924611142,0.078,12.36216690119669,0.5549598949383816,72.21255176230157,56.41838569247339,39.652890829068156
158.48931924611142,0.079,12.520656220442802,0.7852568036261629,71.95624037838522,56.10454736605474,39.348502774509214
158.48931924611142,0.08,12.679145539688914,1.0535619708702262,71.70174263868047,55.79418709645198,39.04875266524532
158.48931924611142,0.081,12.837634858935026,1.3591363133164873,71.44903935501505,55.48724737373389,38.7535352906267
158.48931924611142,0.082,12.996124178181137,1.701258742126519,71.19811160903025,55.183671941996096,38.46274859865346
158.48931924611142,0.08299999999999999,13.154613497427247,2.079225613528484,70.94894074745368,54.88340576588236,38.17629357831095
158.48931924611142,0.08399999999999999,13.313102816673357,2.4923501996973094,70.70150837747099,54.58639499814467,37.89407414712658
158.48931924611142,0.08499999999999999,13.471592135919469,2.9399621790788872,70.45579636219415,54.29258694820614,37.61599704367973
158.48931924611142,0.086,13.63008145516558,3.421407145317543,70.21178681622426,54.001930051692,37.34197172481189
177.82794100389228,0.061,10.847504401237428,3.272741289867909,76.86826088515673,62.33847751215242,45.657953050212086
177.82794100389228,0.062,11.02533234224132,2.7231158993530773,76.57789961502252,61.95563584288611,45.25485259544491
177.82794100389228,0.063,11.203160283245214,2.227469660595945,76.2897244033502,61.57747260941942,44.85880826963867
177.82794100389228,0.064,11.380988224249107,1.7846484337835276,76.0037106472903,61.20390264424745,44.46963638743961
177.82794100389228,0.065,11.558816165252999,1.3935296603867249,75.71983411192038,60.83484282114799,44.08715958494107
177.82794100389228,0.066,11.736644106256891,1.0530212734565616,75.43807092339061,60.470211995358966,43.711206550037176
177.82794100389228,0.067,11.914472047260784,0.7620606535742902,75.1583975622222,60.109930945792044,43.34161176646343
177.82794100389228,0.068,12.092299988264676,0.5196136282026387,74.88079085675453,59.75392231920445,42.97821527072074
177.82794100389228,0.069,12.270127929268568,0.32467351231337926,74.60522797673711,59.402110576255,42.62086242113216
177.82794100389228,0.07,12.44795587027246,0.17626018828644674,74.33168642706288,59.05442193937296,42.269403678332026
177.82794100389228,0.07100000000000001,12.625783811276353,0.07341922318715755,74.06014404163896,58.710784342371575,41.923694396532184
177.82794100389228,0.07200000000000001,12.803611752280245,0.015221021633894383,73.79057897739156,58.37096948285526,41.583594624953115
177.82794100389228,0.07300000000000001,12.981439693284138,0.0007600125663800306,73.52296970840145,58.035057288716814,41.24896891884714
177.82794100389228,0.074,13.159267634288028,0.029153868317446596,73.25729502016684,57.70299471344572,40.91968615957725
177.82794100389228,0.075,13.33709557529192,0.09954275447734307,72.99353400399036,57.374715973187804,40.59561938324921
177.82794100389228,0.076,13.514923516295813,0.21108860912133953,72.73166605148705,57.0501567654148,40.2766456174265
177.82794100389228,0.077,13.692751457299705,0.36297445004742124,72.47167084921028,56.7292542281166,39.96264572548651
177.82794100389228,0.078,13.870579398303597,0.5544037087427369,72.21352837339278,56.41194690029916,39.653504258203995
177.82794100389228,0.079,14.04840733930749,0.7845995898648628,71.9572188847998,56.09817468374143,39.349109312173404
177.82794100389228,0.08,14.226235280311382,1.052804455087455,71.70272292369147,55.78787880596647,39.049352394705075
177.82794100389228,0.081,14.404063221315274,1.3582792302193072,71.45002130489225,55.48100178438327,38.754128294852535
177.82794100389228,0.082,14.581891162319167,1.7003028345624838,71.19909511296393,55.17748739155819,38.46333496024871
177.82794100389228,0.08299999999999999,14.759719103323057,2.078171631527404,70.94992569748055,54.87728062157582,38.17687337944809
177.82794100389228,0.08399999999999999,14.93754704432695,2.4911988995732957,70.70249466840201,54.58032765745101,37.89464746948974
177.82794100389228,0.08499999999999999,15.115374985330842,2.938714322589199,70.45678389154455,54.28657583955525,37.61656396841292
177.82794100389228,0.086,15.293202926334734,3.4200634988746605,70.21277548414524,53.99597363502177,37.342532332472445
199.52623149688807,0.061,12.171100121310172,3.273852100767427,76.86908030548759,62.332612468467715,45.658607742197866
199.52623149688807,0.062,12.37062635280706,2.7241288652049045,76.57872293689836,61.949818420724,45.25549989849317
199.52623149688807,0.063,12.57015258430395,2.2283850905674623,76.29055146515434,61.571701656078446,44.85944824483095
199.52623149688807,0.064,12.769678815800837,1.7854666741309608,76.00454129157771,61.19817700386038,44.47026909827977
199.52623149688807,0.065,12.969205047297725,1.394251091711178,75.72066818530729,60.82916133821492,44.08778509706026
199.52623149688807,0.066,13.168731278794613,1.0536463081346557,75.43890827644748,60.46457351792587,43.71182493092344
199.52623149688807,0.067,13.368257510291501,0.7625897333517195,75.15923804936959,60.10433432830173,43.342223085214016
199.52623149688807,0.068,13.56778374178839,0.5200472219402501,74.88163433616198,59.74831410650165,42.97881959781517
199.52623149688807,0.069,13.767309973285279,0.32501211387563944,74.606074310225,59.39636766225972,42.621459828224474
199.52623149688807,0.07,13.966836204782167,0.17650431456304383,74.33253548000704,59.048548427099576,42.26999423806059
199.52623149688807,0.07100000000000001,14.166362436279055,0.07356941223919189,74.06099568287793,58.70478425979365,41.92427818234565
199.52623149688807,0.07200000000000001,14.365888667775943,0.01527783095663593,73.79143307913661,58.36500468019514,41.58417171095129
199.52623149688807,0.07300000000000001,14.565414899272831,0.0007240174611131689,73.52382614614902,58.02914082245819,41.24953937963546
199.52623149688807,0.074,14.764941130769717,0.029025660365463724,73.25815367261355,57.69712538978796,40.92025007013386
199.52623149688807,0.075,14.964467362266605,0.0993229401096325,72.99439475295026,57.36889261066481,40.59617681880367
199.52623149688807,0.076,15.163993593763493,0.21077780827788706,72.73252878181135,57.04437819648879,40.277196653349094
199.52623149688807,0.077,15.363519825260381,0.36257329492053514,72.47253544870931,56.72351930059287,39.96319043718732
199.52623149688807,0.078,15.563046056757269,0.553912842599104,72.21439473275996,56.40625447857508,39.65404272104112
199.52623149688807,0.079,15.762572288254159,0.7840196659413912,71.95808689753785,56.09252364990249,39.3496416013694
199.52623149688807,0.08,15.962098519751047,1.0521361355564984,71.70359248604075,55.78226806074068,39.04987858527108
199.52623149688807,0.081,16.161624751247935,1.3575231852187297,71.45089231576081,55.47543024796515,38.75464846151948
199.52623149688807,0.082,16.36115098274482,1.6994597412867427,71.19996747385983,55.171954004312425,38.46384917740497
199.52623149688807,0.08299999999999999,16.560677214241707,2.0772421733758586,70.95079931244568,54.87178434463012,38.17738172108314
199.52623149688807,0.08399999999999999,16.760203445738597,2.490183765352287,70.70336944394805,54.5748674731871,37.89515000914334
199.52623149688807,0.08499999999999999,16.959729677235483,2.937614205764442,70.45765973659044,54.28115075200621,37.617060779129346
199.52623149688807,0.086,17.159255908732373,3.418879096871211,70.21365230995653,53.990582670183706,37.343023486759414
223.872113856834,0.061,13.656198945266874,3.274831740066337,76.86980683820558,62.32736261508215,45.65918285739612
223.872113856834,0.062,13.880071059123708,2.725022061915456,76.57945290105093,61.94459426245946,45.25606837746625
223.872113856834,0.063,14.103943172980543,2.229192141490179,76.2912847170782,61.56650256469466,44.86001014334606
223.872113856834,0.064,14.327815286837376,1.7861879088258,76.0052776913229,61.193002347554895,44.47082447423251
223.872113856834,0.065,14.551687400694211,1.3948868700559305,75.72140759653915,60.8240104840501,44.08833401021261
223.872113856834,0.066,14.775559514551045,1.054197018039086,75.43965056635106,60.45943209544171,43.71236744266376
223.872113856834,0.067,14.99943162840788,0.7630557886168781,75.15998308855707,60.09903646746527,43.34275925833718
223.872113856834,0.068,15.223303742264713,0.5204290602534545,74.88238199858262,59.74291691951642,42.9793494963212
223.872113856834,0.069,15.447175856121548,0.3253101949322814,74.60682447307772,59.390997837143544,42.62198351713423
223.872113856834,0.07,15.671047969978382,0.17671911830700382,74.33328802365548,59.04320536734075,42.27051178324708
223.872113856834,0.07100000000000001,15.894920083835217,0.07370143721422151,74.06175049076796,58.69946736834582,41.924789650379694
223.872113856834,0.07200000000000001,16.11879219769205,0.015327592761464226,73.79219003771604,58.359713361100795,41.58467716896037
223.872113856834,0.07300000000000001,16.342664311548884,0.0006920473017606454,73.52458514478975,58.02387448231315,41.250038895174825
223.872113856834,0.074,16.566536425405715,0.02891250369850762,73.2589146035358,57.69188343905867,40.920743711068724
223.872113856834,0.075,16.79040853926255,0.09912915537062017,72.99515751114907,57.36367446486941,40.59666465320175
223.872113856834,0.076,17.014280653119386,0.21050396568962326,72.73329326498494,57.039183277251894,40.277678749382545
223.872113856834,0.077,17.238152766976217,0.3622199753760982,72.47330155718953,56.718347036583594,39.963666863043514
223.872113856834,0.078,17.462024880833052,0.5534806366150187,72.21516236944478,56.40110430633749,39.65451354484131
223.872113856834,0.079,17.685896994689887,0.7835091726765735,71.95885596782558,56.087395014586235,39.35010689109492
223.872113856834,0.08,17.909769108546723,1.0515479618927293,71.70436289776612,55.777160416739996,39.0503384086962
223.872113856834,0.081,18.133641222403554,1.356857944899093,71.45166397913292,55.47034305947328,38.75510288615059
223.872113856834,0.082,18.35751333626039,1.6987180541083347,71.20074030140157,55.16688674579805,38.46429827042559
223.872113856834,0.08299999999999999,18.58138545011722,2.07642466443332,70.95157321893512,54.8667365012423,38.177825549304174
223.872113856834,0.08399999999999999,18.805257563974056,2.4892910643292923,70.70414434636123,54.56983854109442,37.895588638958216
223.872113856834,0.08499999999999999,19.029129677830888,2.9366469462700904,70.45843555404574,54.27614023867569,37.61749427647368
223.872113856834,0.086,19.253001791687723,3.417837915818427,70.2144289636606,53.98559009460435,37.34345191707487
251.18864315095823,0.061,15.322507232208451,3.2756933309018086,76.87045016002723,62.32255448217466,45.65968620389197
251.18864315095823,0.062,15.57369587535941,2.72580745528679,76.58009923013554,61.93979423795979,45.25656575671397
251.18864315095823,0.063,15.824884518510368,2.2299016250773414,76.29193392581249,61.56171050063671,44.86050160657665
251.18864315095823,0.064,16.076073161661327,1.7868217991557125,76.00592965539829,61.18821808842844,44.47131007453889
251.18864315095823,0.065,16.327261804812284,1.3954455103314674,75.72206219486417,60.81923386845504,44.08881380231721
251.18864315095823,0.066,16.578450447963245,1.0546807761063146,75.44030768096647,60.45467622883827,43.71284148270575
251.18864315095823,0.067,16.829639091114203,0.7634650550617881,75.16064260455335,60.09428449213428,43.34322760367752
251.18864315095823,0.068,17.08082773426516,0.5207642466193274,74.88304380401979,59.73816888659884,42.97981220536418
251.18864315095823,0.069,17.33201637741612,0.3255717320501461,74.60748845890754,59.38625378742344,42.62244064916423
251.18864315095823,0.07,17.58320502056708,0.17690745473161762,74.33395408364579,59.0384653324045,42.270963398279
251.18864315095823,0.07100000000000001,17.834393663718036,0.07381703775878612,74.06241852142921,58.69473137164689,41.92523580902238
251.18864315095823,0.07200000000000001,18.085582306868993,0.015370937124802309,73.79285993822987,58.35498141893628,41.58511793229168
251.18864315095823,0.07300000000000001,18.336770950019954,0.0006636287819596909,73.52525681693972,58.01914660471869,41.25047432462749
251.18864315095823,0.074,18.587959593170908,0.028812827987525935,73.25958795163983,57.687159630627264,40.92117386832618
251.18864315095823,0.075,18.839148236321865,0.09895873942476019,72.99583244199397,57.358954725499586,40.59708960010307
251.18864315095823,0.076,19.090336879472826,0.21026333667103825,72.73396968776274,57.03446760283042,40.278098547835825
251.18864315095823,0.077,19.341525522623783,0.3619096696608992,72.47397938343558,56.71363541960746,39.96408157494701
251.18864315095823,0.078,19.59271416577474,0.5531011988637276,72.2158415129775,56.396396736479346,39.654923232011626
251.18864315095823,0.079,19.8439028089257,0.7830611549631672,71.95953634468802,56.082691479207796,39.35051161520179
251.18864315095823,0.08,20.09509145207666,1.0510319228885083,71.70504442616901,55.77246090135699,39.050738231203354
251.18864315095823,0.081,20.346280095227616,1.356274449108084,71.45234657939939,55.46564754817558,38.755497868262175
251.18864315095823,0.082,20.597468738378577,1.6980676711508873,71.20142389591334,55.16219522162859,38.46468847303764
251.18864315095823,0.08299999999999999,20.84865738152953,2.075707968375187,70.9522577320802,54.86204894653752,38.17821103296082
251.18864315095823,0.08399999999999999,21.099846024680488,2.4885086330531574,70.70482970448298,54.56515493778958,37.89596946381231
251.18864315095823,0.08499999999999999,21.35103466783145,2.93579936088717,70.45912168539344,54.27146056857748,37.61787050225134
251.18864315095823,0.086,21.602223310982406,3.4169257601174525,70.21511579834129,53.9809143396335,37.34382360304372
281.8382931264455,0.061,17.192135880713174,3.276448513014506,76.87101885390113,62.31810352149627,45.660124707706835
281.8382931264455,0.062,17.47397417383962,2.7264956598394177,76.58067054768009,61.93533591015078,45.256998888902444
281.8382931264455,0.063,17.755812466966066,2.2305231334718827,76.29250775377542,61.55724512491352,44.8609294145568
281.8382931264455,0.064,18.03765076009251,1.787376918089921,76.00650588346718,61.18374597003097,44.47173260734791
281.8382931264455,0.065,18.319489053218955,1.3959345698694596,75.7226407155885,60.81475529972329,44.0892311104057
281.8382931264455,0.066,18.601327346345403,1.0551041278723141,75.44088838968203,60.450191957505155,43.71325361774916
281.8382931264455,0.067,18.883165639471848,0.763823070548955,75.16122539930879,60.08997671760885,43.34363461840368
281.8382931264455,0.068,19.165003932598292,0.521057315606315,74.88362858550529,59.73403222842762,42.98021415339539
281.8382931264455,0.069,19.44684222572474,0.32580026111798754,74.60807513038552,59.382161166231185,42.62283758487271
281.8382931264455,0.07,19.728680518851185,0.17707186587467505,74.33454255088351,59.034352526087716,42.27135537665484
281.8382931264455,0.07100000000000001,20.01051881197763,0.07391776708368081,74.06300869263347,58.69059909605956,41.925622885552656
281.8382931264455,0.07200000000000001,20.292357105104077,0.015408433631500351,73.79345172398345,58.3508303719521,41.5855001628501
281.8382931264455,0.07300000000000001,20.574195398230522,0.0006383532218607879,73.52585013013953,58.014977466590466,41.25085176537361
281.8382931264455,0.074,20.856033691356963,0.028725251793661144,73.26018270743697,57.68297306434641,40.92154657561341
281.8382931264455,0.075,21.13787198448341,0.09880934370946592,72.99642855773544,57.354751377155,40.59745763039485
281.8382931264455,0.076,21.419710277609855,0.2100526112868195,72.73456708293466,57.03024810196607,40.2784619576292
281.8382931264455,0.077,21.7015485707363,0.3616381123205945,72.47457797960811,56.70940037957824,39.964440420703056
281.8382931264455,0.078,21.983386863862748,0.552769314316182,72.21644123375131,56.392146754804585,39.65527757009232
281.8382931264455,0.079,22.265225156989192,0.7826694542209989,71.9601371156422,56.07842713792198,39.35086150181259
281.8382931264455,0.08,22.54706345011564,1.0505809225046474,71.70564617481037,55.768182767357246,39.05108372234117
281.8382931264455,0.081,22.828901743242085,1.3557646704982198,71.45294923511328,55.46135617356571,38.75583901966821
281.8382931264455,0.082,23.11074003636853,1.6974996399587665,71.20202738991577,55.157891144059015,38.46502534015486
281.8382931264455,0.08299999999999999,23.39257832949497,2.0750822138783525,70.95286199737122,54.85773268954125,38.17854367089561
281.8382931264455,0.08399999999999999,23.67441662262142,2.4878256876064997,70.70543467580144,54.56082701111353,37.89629792729985
281.8382931264455,0.08499999999999999,23.956254915747863,2.935059759401997,70.45972729917294,54.267121468509224,37.61819484562465
281.8382931264455,0.086,24.23809320887431,3.4161300395740595,70.21572199266728,53.9765645493231,37.34414388020589
316.22776601683796,0.061,19.289893727027117,3.27710761956315,76.87152052772998,62.31402165329001,45.66050452797698
316.22776601683796,0.062,19.606121493043954,2.7270961005492405,76.58117449742532,61.93123045056818,45.25737386964677
316.22776601683796,0.063,19.92234925906079,2.231065185855367,76.29301387904891,61.55311690669939,44.86129960005633
316.22776601683796,0.064,20.23857702507763,1.7878608817129056,76.0070140864948,61.17959580353096,44.47209804328016
316.22776601683796,0.065,20.55480479109447,1.3963607646379468,75.72315090114091,60.81058397341766,44.089591843662724
316.22776601683796,0.066,20.871032557111306,1.0554728924289365,75.44140046500732,60.44600023853677,43.71360969627099
316.22776601683796,0.067,21.187260323128143,0.7641347607719822,75.16173927406707,60.085765352304634,43.3439860910259
316.22776601683796,0.068,21.503488089144984,0.5213123032042433,74.88414417170534,59.7298019428131,42.980561069709644
316.22776601683796,0.069,21.81971585516182,0.325998932313742,74.60859234232298,59.37803445820673,42.62317999509915
316.22776601683796,0.07,22.135943621178658,0.17721462017335998,74.33506130508104,59.03038911392599,42.27169333152553
316.22776601683796,0.07100000000000001,22.4521713871955,0.07400501611856725,74.06352890778254,58.68679384174453,41.92595643620503
316.22776601683796,0.07200000000000001,22.768399153212336,0.015440600083221012,73.79397332088776,58.34717824053094,41.585829360729676
316.22776601683796,0.07300000000000001,23.084626919229173,0.0006158698061218271,73.52637303166003,58.011473528669804,41.25117666214518
316.22776601683796,0.074,23.400854685246006,0.02864856031302332,73.26070683843858,57.679547660451625,40.92186722308006
316.22776601683796,0.075,23.717082451262847,0.09867889416524123,72.996953845035,57.35128123542822,40.597774080424195
316.22776601683796,0.076,24.033310217279684,0.2098688610471704,72.73509345525054,57.02673468291744,40.2787742620862
316.22776601683796,0.077,24.34953798329652,0.3614015253413383,72.47510536751122,56.70584511140656,39.96474863138893
316.22776601683796,0.078,24.665765749313362,0.5524803604110695,72.2169695696173,56.388551033429835,39.65558173868907
316.22776601683796,0.079,24.9819935153302,0.7823286083782319,71.96066633360525,56.074792327081525,39.35116167983265
316.22776601683796,0.08,25.298221281347036,1.050188664246865,71.70617621071808,55.76451019875999,39.051379961081835
316.22776601683796,0.081,25.614449047363877,1.3553214832832108,71.45348002648285,55.45764714709822,38.75613137017041
316.22776601683796,0.082,25.930676813380714,1.6970060106184208,71.20255887589134,55.154146928038685,38.46531385316594
316.22776601683796,0.08299999999999999,26.246904579397548,2.074538632093506,70.95339411868258,54.85395452101149,38.17882839683581
316.22776601683796,0.08399999999999999,26.563132345414385,2.4872326454153955,70.70596737472358,54.557016096176554,37.896578916232244
316.22776601683796,0.08499999999999999,26.879360111431225,2.9344177507404146,70.46026051948694,54.26327898269237,37.618472147228104
316.22776601683796,0.086,27.195587877448062,3.415439559845076,70.2162556796222,53.972691637974634,37.344417543751
354.81338923357566,0.061,21.643616743248113,3.277679844540761,76.87196192175432,62.31047301537164,45.660831168431656
354.81338923357566,0.062,21.99843013248169,2.727617166252445,76.58161785129559,61.92763644611181,45.257696148627446
354.81338923357566,0.063,22.353243521715267,2.2315353677618894,76.2934591039168,61.54947903978155,44.86161755933875
354.81338923357566,0.064,22.708056910948844,1.7882804743713723,76.00746109583511,61.17591554558996,44.47241172583044
354.81338923357566,0.065,23.062870300182418,1.3967300801486369,75.72359961068977,60.80686276301974,44.08990129347677
354.81338923357566,0.066,23.417683689415995,1.055792259022108,75.4418507927023,60.44223948124565,43.71391495822769
354.81338923357566,0.067,23.77249707864957,0.7644045214774589,75.16219113998913,60.08196642064455,43.34428721075267
354.81338923357566,0.068,24.127310467883145,0.5215328146060538,74.88459749802226,59.72596617631589,42.98085809345963
354.81338923357566,0.069,24.482123857116722,0.326170563384409,74.60904705323453,59.37416316353456,42.62347296963893
354.81338923357566,0.07,24.8369372463503,0.1773377511826184,74.3355173267657,59.026483565061795,42.271982304032505
354.81338923357566,0.07100000000000001,25.191750635583876,0.07408003761161175,74.06398616834565,58.68285528024269,41.92624145417372
354.81338923357566,0.07200000000000001,25.54656402481745,0.015467911924110567,73.79443175031126,58.343207875821854,41.586110471886265
354.81338923357566,0.07300000000000001,25.901377414051026,0.0005958802821033338,73.52683256175361,58.00747253841193,41.25145391436953
354.81338923357566,0.074,26.256190803284596,0.028581685295863135,73.26116740279205,57.67558202855203,40.922140664334705
354.81338923357566,0.075,26.611004192518173,0.09856555632599884,72.9974153789722,57.34747063629597,40.598043758689585
354.81338923357566,0.076,26.96581758175175,0.20970948912099874,72.73555589578449,57.023074138272776,40.27904022530195
354.81338923357566,0.077,27.320630970985327,0.36119655343914725,72.4755686533004,56.702329756164204,39.96501092740038
354.81338923357566,0.078,27.6754443602189,0.5522302273751096,72.21743364092339,56.38517611654606,39.655840415198774
354.81338923357566,0.079,28.030257749452478,0.7820337571788714,71.9611311322517,56.07155321204296,39.35141678435643
354.81338923357566,0.08,28.385071138686055,1.049849541418058,71.70664168005024,55.76140236374739,39.051631540909085
354.81338923357566,0.081,28.739884527919628,1.354938538394031,71.45394611132885,55.45466618485669,38.75637947232819
354.81338923357566,0.082,29.094697917153205,1.6965796957787473,71.20302552252431,55.151288545482956,38.465558524386694
354.81338923357566,0.08299999999999999,29.44951130638678,2.074069401491471,70.95386127478366,54.851214538592984,38.17906968352822
354.81338923357566,0.08399999999999999,29.804324695620352,2.4867209548848686,70.7064349893462,54.55422614336765,37.89681686445521
354.81338923357566,0.08499999999999999,30.15913808485393,2.9338640573564394,70.46072854302187,54.26042158281092,37.618706802667475
354.81338923357566,0.086,30.513951474087506,3.4148443215459077,70.21672406376369,53.9697690132448,37.34464895169877
398.1071705534973,0.061,24.284537403763338,3.278173404109179,76.87234900655929,62.30774371616114,45.66110958723499
398.1071705534973,0.062,24.682644574316836,2.7280663577244164,76.58200660797687,61.92502632819554,45.2579706392053
398.1071705534973,0.063,25.08075174487033,2.2319404657926385,76.29384945399742,61.54680825923819,44.861888161546055
398.1071705534973,0.064,25.478858915423828,1.7886417699194004,76.00785296290083,61.173166747846764,44.472678480519114
398.1071705534973,0.065,25.876966085977326,1.3970478791309047,75.72399292033441,60.8040384163575,44.09016424235454
398.1071705534973,0.066,26.275073256530824,1.056066881056314,75.44224547247447,60.43934200733332,43.71417414372887
398.1071705534973,0.067,26.673180427084322,0.7646362987050384,75.16258711934044,60.0789981932782,43.344542675920195
398.1071705534973,0.068,27.07128759763782,0.5217220905912099,74.88499470825712,59.72292952040007,42.98110988183719
398.1071705534973,0.069,27.469394768191318,0.32631769208379047,74.6094454274614,59.37106035428468,42.62372112517244
398.1071705534973,0.07,27.867501938744816,0.17744309598120478,74.3359167998496,59.02331682740741,42.27222687098017
398.1071705534973,0.07100000000000001,28.265609109298314,0.07414397042051069,74.06438667686221,58.67962678841344,41.926482477024024
398.1071705534973,0.07200000000000001,28.663716279851812,0.01549081233618499,73.79483323250196,58.33991975309873,41.58634799528316
398.1071705534973,0.07300000000000001,29.06182345040531,0.0005781347818405447,73.52723495748221,58.00412685702827,41.25168798304426
398.1071705534973,0.074,29.4599306209588,0.028523686519907,73.26157065350247,57.672180809729554,40.922371323043826
398.1071705534973,0.075,29.8580377915123,0.0984677023712146,72.99781942764741,57.34401585040232,40.59827105215854
398.1071705534973,0.076,30.256144962065797,0.20957218289697654,72.73596068690662,57.019567705088285,40.27926419817383
398.1071705534973,0.077,30.654252132619295,0.36102020206237495,72.4759741328119,56.6987735452461,39.96523162418946
398.1071705534973,0.078,31.052359303172793,0.5520152416022086,72.21783975618938,56.38157194767985,39.65605788024841
398.1071705534973,0.079,31.45046647372629,0.7817805508764661,71.96153783202334,56.067902855771,39.35163106180099
398.1071705534973,0.08,31.848573644279785,1.0495585310668405,71.707048914429,55.757707541965715,39.051842674639516
398.1071705534973,0.081,32.24668081483328,1.3546101426252553,71.45435383173194,55.45092857147194,38.756587505961114
398.1071705534973,0.082,32.644787985386785,1.696214334940613,71.203433681651,55.14750976712171,38.46576350123646
398.1071705534973,0.08299999999999999,33.04289515594027,2.0736674972441342,70.95426982658245,54.84739617535645,38.17927164658203
398.1071705534973,0.08399999999999999,33.44100232649377,2.486282929821847,70.70684388898295,54.55053403329486,37.89701585635069
398.1071705534973,0.08499999999999999,33.83910949704727,2.9333903346510777,70.4611377468489,54.256870736843844,37.61890286567283
398.1071705534973,0.086,34.23721666760077,3.4143353246212023,70.21713352928953,53.9663548098154,37.34484212769513
446.6835921509635,0.061,27.247699121208772,3.27859569457238,76.87268707364636,62.30416557619052,45.66134430641952
446.6835921509635,0.062,27.694382713359737,2.7284504328554213,76.5823460840608,61.9213965871528,45.25820182767185
446.6835921509635,0.063,28.141066305510698,2.232286599859047,76.29419026994418,61.54330462513741,44.86211585775312
446.6835921509635,0.064,28.587749897661663,1.7889502508989055,76.00819505140649,61.169804470268275,44.47290272373772
446.6835921509635,0.065,29.034433489812628,1.3973190075243869,75.72433621587624,60.800812956318396,44.09038507254453
446.6835921509635,0.066,29.481117081963593,1.0563009687780842,75.44258991126371,60.436248909659895,43.714391601425845
446.6835921509635,0.067,29.927800674114554,0.7648336680453469,75.16293263927628,60.07603309034705,43.34475680213229
446.6835921509635,0.068,30.37448426626552,0.5218830732459285,74.88534124888209,59.72008813524803,42.98132071795082
446.6835921509635,0.069,30.821167858416484,0.32644262824716597,74.6097929299179,59.36833850314426,42.623928712866324
446.6835921509635,0.07,31.267851450567445,0.17753233349731778,74.33626520683795,59.02071042172042,42.27243125214694
446.6835921509635,0.07100000000000001,31.71453504271841,0.07419786398981754,74.06473593259959,58.67713183637123,41.926683693698756
446.6835921509635,0.07200000000000001,32.16121863486937,0.015509722773552781,73.7951832826826,58.33753236075398,41.586546089578306
446.6835921509635,0.07300000000000001,32.60790222702034,0.0005624283225986737,73.52758574923894,58.00184322901947,41.25188299709051
446.6835921509635,0.074,33.054585819171294,0.028473734171105436,73.26192213536902,57.669997249656475,40.9225632989363
446.6835921509635,0.075,33.50126941132226,0.09838387930498249,72.99817154952196,57.34192876088761,40.598460031908
446.6835921509635,0.076,33.94795300347322,0.20945486788339407,72.73631340001633,57.0175735875574,40.279450223662366
446.6835921509635,0.077,34.394636595624185,0.36086977693946487,72.4763273896785,56.6967007256097,39.96541473713044
446.6835921509635,0.078,34.84132018777515,0.5518320907805194,72.21819351059563,56.37939887741675,39.65623812215023
446.6835921509635,0.079,35.288003779926115,0.7815650608761864,71.96189203898042,56.065632875224935,39.35180847393442
446.6835921509635,0.08,35.734687372077076,1.0493110900854208,71.70740353014492,55.75534391028616,39.05201729800825
446.6835921509635,0.081,36.181370964228044,1.3543311401335818,71.45470881358068,55.448474466890474,38.75675938127531
446.6835921509635,0.082,36.628054556379006,1.6959041613060628,71.2037889881426,55.14496828738814,38.46593266888908
446.6835921509635,0.08299999999999999,37.07473814852997,2.073326543378652,70.95462541733392,54.8447703383183,38.17943814662764
446.6835921509635,0.08399999999999999,37.52142174068093,2.4859115868537414,70.70719972468994,54.547826777604975,37.89717972848666
446.6835921509635,0.08499999999999999,37.96810533283189,2.932988993618995,70.46149378925817,54.254084922782724,37.61906414922259
446.6835921509635,0.086,38.41478892498286,3.4139043761886914,70.21748974117214,53.96349322021506,37.34500086159343
501.18723362727246,0.061,30.57242125126362,3.27895344850815,76.87298082049449,62.30176617356777,45.66153952064095
501.18723362727246,0.062,31.073608484890894,2.7287755501799786,76.58264099969375,61.91890102365033,45.2583938817162
501.18723362727246,0.063,31.574795718518164,2.2325793539613534,76.29448629366978,61.54071611417775,44.86230478912114
501.18723362727246,0.064,32.07598295214544,1.789210926425346,76.00849212415397,61.167126158741674,44.473088570563206
501.18723362727246,0.065,32.57717018577271,1.3975478993358612,75.72463428015293,60.798047922950644,44.09056787348646
501.18723362727246,0.066,33.078357419399985,1.0564983809756558,75.44288891111293,60.43340016373963,43.71457139557012
501.18723362727246,0.067,33.579544653027256,0.7649999130600191,75.16323252023659,60.07310357077843,43.344933628901934
501.18723362727246,0.068,34.08073188665453,0.5220184709882969,74.88564195794754,59.71708070989721,42.981494617024254
501.18723362727246,0.069,34.5819191202818,0.32654750531287524,74.61009441549963,59.36525596845078,42.624099724102805
501.18723362727246,0.07,35.08310635390907,0.17760702242486115,74.33656741872664,59.01755550254685,42.2725994155188
501.18723362727246,0.07100000000000001,35.58429358753635,0.07424270256718302,74.06503882192918,58.67390718606623,41.92684904922965
501.18723362727246,0.07200000000000001,36.08548082116362,0.015525053390543997,73.795486801895,58.3342405614066,41.586708677287206
501.18723362727246,0.07300000000000001,36.58666805479089,0.0005485973659704602,73.52788985204963,57.998486791883664,41.25204285694079
501.18723362727246,0.074,37.08785528841816,0.028431091459650837,73.26222677673377,57.66657861572679,40.92272047078953
501.18723362727246,0.075,37.58904252204543,0.09831277756207557,72.99847668560443,57.33845030160875,40.59861455548219
501.18723362727246,0.076,38.09022975567271,0.20935566224475988,72.73661898815655,57.01403760565146,40.27960213849425
501.18723362727246,0.077,38.59141698929998,0.3607428244935482,72.47663338836227,56.69327772985238,39.96556408254121
501.18723362727246,0.078,39.09260422292725,0.5516777501398553,72.21849987942478,56.37610928187825,39.65638493721501
501.18723362727246,0.079,39.59379145655453,0.781383691777461,71.96219873864388,56.06247223617524,39.35195279745444
501.18723362727246,0.08,40.0949786901818,1.0491030530167653,71.70771052239058,55.75230789634658,39.05215916848621
501.18723362727246,0.081,40.59616592380907,1.3540967959869517,71.45501606118818,55.44555885875059,38.7568988368932
501.18723362727246,0.082,41.097353157436345,1.6956438710536244,71.20409645489653,55.14216897727448,38.46606974748842
501.18723362727246,0.08299999999999999,41.59854039106361,2.073040667771318,70.95493306799814,54.842083329240296,38.17957288569196
501.18723362727246,0.08399999999999999,42.099727624690885,2.485600486140748,70.70750752498242,54.54524818240205,37.89731216512603
501.18723362727246,0.08499999999999999,42.600914858318156,2.9326530272868965,70.4618017058265,54.251610962993986,37.61919432015995
501.18723362727246,0.086,43.102102091945426,3.413543902719047,70.2177977415698,53.96112022479195,37.34512880315267
562.341325190349,0.061,34.30282083661129,3.2792528884947396,76.87323443197211,62.29909152595754,45.661699202634225
562.341325190349,0.062,34.86516216180164,2.72904741002199,76.58289556060579,61.916339282074034,45.25855075527379
562.341325190349,0.063,35.42750348699199,2.232823904612209,76.29474175097936,61.53826344438871,44.862458891098505
562.341325190349,0.064,35.98984481218234,1.789428447760078,76.00874842625828,61.16477880445437,44.47323993827041
562.341325190349,0.065,36.552186137372686,1.3977386792412259,75.72489137684487,60.79580220884747,44.09071654459505
562.341325190349,0.066,37.11452746256304,1.0566627145010545,75.44314675354374,60.43125249790718,43.71471740802833
562.341325190349,0.067,37.676868787753385,0.7651381016253107,75.16349106087962,60.071050446627744,43.34507702085751
562.341325190349,0.068,38.23921011294374,0.5221308216446654,74.88590115056306,59.71511870761781,42.98163542675421
562.341325190349,0.069,38.801551438134084,0.32663433005348397,74.61035421510061,59.36338175604462,42.624237989949634
562.341325190349,0.07,39.363892763324436,0.1776686375417149,74.33682778154561,59.01576583648427,42.272735175832445
562.341325190349,0.07100000000000001,39.92623408851479,0.0742794280514314,74.06529970538588,58.67219891160303,41.926982342315014
562.341325190349,0.07200000000000001,40.488575413705135,0.01553721237330663,73.79574816456511,58.33261061259763,41.58683954135647
562.341325190349,0.07300000000000001,41.05091673889549,0.0005365155970293856,73.5281516536343,57.99693219132579,41.252171330070276
562.341325190349,0.074,41.61325806408583,0.028395096821685284,73.26248897803008,57.66509647406141,40.92284659088082
562.341325190349,0.075,42.17559938927618,0.09825319961809997,72.99873924847651,57.337037816811,40.59873836022698
562.341325190349,0.076,42.737940714466525,0.20927283181648204,72.73688187550779,57.01269206213165,40.279723665342665
562.341325190349,0.077,43.30028203965688,0.360637073269098,72.4768965641081,56.6919587313576,39.96568336867352
562.341325190349,0.078,43.862623364847224,0.5515494103085432,72.21876330846628,56.37465663150471,39.65650201951601
562.341325190349,0.079,44.42496469003758,0.7812330956901636,71.96246238684209,56.06089050076648,39.35206771249089
562.341325190349,0.08,44.98730601522792,1.0489305328701697,71.70797435654167,55.7506015254664,39.052271952486485
562.341325190349,0.081,45.549647340418275,1.3539026835303414,71.45528004899901,55.4437321853831,38.757009525729316
562.341325190349,0.082,46.11198866560862,1.6954284973165659,71.20436056496129,55.140226218738206,38.46617837666021
562.341325190349,0.08299999999999999,46.67432999079897,2.0728043628110884,70.95519726977531,54.84002858829328,38.179679490313106
562.341325190349,0.08399999999999999,47.23667131598931,2.4853435788081737,70.7077717887725,54.54308544851664,37.89741677991188
562.341325190349,0.08499999999999999,47.799012641179665,2.932375845009666,70.46206600275029,54.24934411378146,37.61929697941698
562.341325190349,0.086,48.36135396637001,3.4132467713012007,70.21806204354739,53.95875302755912,37.3452295407694
630.9573444801937,0.061,38.488398013291814,3.2794998747060973,76.87345165977898,62.29726730994015,45.66182719954004
630.9573444801937,0.062,39.11935535777201,2.7292713895170664,76.58311353820284,61.91439078290019,45.25867628365998
630.9573444801937,0.063,39.7503127022522,2.2330251431947326,76.29496043230125,61.53619494228058,44.862581987306825
630.9573444801937,0.064,40.381270046732396,1.7896072179278186,76.00896776650524,61.162594485399104,44.47336063891691
630.9573444801937,0.065,41.01222739121259,1.3978952594007645,75.72511133244865,60.793506162576165,44.09083488649075
630.9573444801937,0.066,41.643184735692785,1.0567973882365829,75.44336728213452,60.42884871637288,43.714833428107134
630.9573444801937,0.067,42.27414208017298,0.7652511570177505,75.16371212125384,60.06854282293346,43.3451907561109
630.9573444801937,0.068,42.90509942465317,0.5222225506380487,74.88612270265226,59.71251103534905,42.98174691417193
630.9573444801937,0.069,43.53605676913337,0.3267050278649557,74.61057621994107,59.3606777289651,42.624347266465996
630.9573444801937,0.07,44.16701411361356,0.17771860211292356,74.33705020124896,59.01296904855669,42.27284227827784
630.9573444801937,0.07100000000000001,44.797971458093755,0.07430895953802219,74.06552250311047,58.669312857299815,41.92708730737205
630.9573444801937,0.07200000000000001,45.42892880257395,0.015546612670412241,73.79597130448828,58.32963868746943,41.5869424055204
630.9573444801937,0.07300000000000001,46.059886147054144,0.0005260878982107364,73.52837510092536,57.99387769279869,41.252272129613495
630.9573444801937,0.074,46.69084349153433,0.02836514520923794,73.26271269882403,57.661962602435366,40.922945361820865
630.9573444801937,0.075,47.321800836014525,0.09820402868266487,72.99896320984872,57.333827676435504,40.598835138297915
630.9573444801937,0.076,47.95275818049472,0.20920474630412733,72.7371060454491,57.009408662735545,40.2798184859695
630.9573444801937,0.077,48.58371552497491,0.36055037775397936,72.47712091150078,56.68864275554781,39.96577626694944
630.9573444801937,0.078,49.21467286945511,0.5514444088896802,72.21898780306067,56.37146855512545,39.656593030182165
630.9573444801937,0.079,49.8456302139353,0.7811100917106883,71.96268699923392,56.05782602884602,39.3521568699185
630.9573444801937,0.08,50.476587558415495,1.048789828657538,71.70819905814986,55.74765647356445,39.05235929066114
630.9573444801937,0.081,51.10754490289569,1.3537445801563739,71.45550481204425,55.44090247918847,38.757095078237235
630.9573444801937,0.082,51.738502247375884,1.695253294375913,71.20458536244519,55.13750789343128,38.46626217667633
630.9573444801937,0.08299999999999999,52.36945959185607,2.0726123582169773,70.95542207545998,54.83741778769803,38.17976157059082
630.9573444801937,0.08399999999999999,53.000416936336265,2.485135068604399,70.70799657716088,54.540578424065096,37.89749717277425
630.9573444801937,0.08499999999999999,53.63137428081646,2.9321511231976523,70.46229074906701,54.24693722331163,37.619375716749396
630.9573444801937,0.086,54.26233162529665,3.4130061296813645,70.21828672371998,53.95644273396572,37.34530665401352
707.945784384138,0.061,43.18469284743242,3.279700038482191,76.87363590117513,62.29466880763147,45.66192731060678
707.945784384138,0.062,43.89263863181656,2.7294526638804326,76.58329834897077,61.911900347390144,45.258774259232304
707.945784384138,0.063,44.6005844162007,2.233187784940763,76.29514577275411,61.533808871056074,44.86267786310346
707.945784384138,0.064,45.30853020058483,1.7897514884376933,76.00915359806967,61.16030915340811,44.47345445074771
707.945784384138,0.065,46.01647598496898,1.3980214239756368,75.72529761763445,60.791318024981464,44.09092667019071
707.945784384138,0.066,46.724421769353114,1.0569057154794113,75.44355398450548,60.42675431075997,43.714923219476624
707.945784384138,0.067,47.43236755373725,0.7653419182596823,75.16389920539923,60.06653877102494,43.345278590861724
707.945784384138,0.068,48.14031333812139,0.5222960194061894,74.88631013415917,59.71059404427431,42.9818328278787
707.945784384138,0.069,48.84825912250553,0.3267614793889979,74.61076396536765,59.35884459212942,42.62443129452246
707.945784384138,0.07,49.55620490688967,0.17775831286785349,74.3372382280983,59.011216646150906,42.27292445585754
707.945784384138,0.07100000000000001,50.264150691273805,0.0743322068205825,74.06571077980537,58.66763815648777,41.927167669393086
707.945784384138,0.07200000000000001,50.97209647565795,0.01555367420711673,73.79615980034654,58.32803874228818,41.58702098661403
707.945784384138,0.07300000000000001,51.680042260042086,0.0005172414827807614,73.52856378613603,57.992349643802356,41.25234896409598
707.945784384138,0.074,52.387988044426216,0.02834066836754645,73.26290154442414,57.66050367611226,40.923020483668594
707.945784384138,0.075,53.09593382881035,0.09816419836336343,72.9991521877007,57.332435184424384,40.59890858112533
707.945784384138,0.076,53.80387961319449,0.20914983859335523,72.73729512821895,57.00808000086565,40.279890283009635
707.945784384138,0.077,54.511825397578626,0.36048066761243436,72.47731007263674,56.68737540272457,39.965846451036896
707.945784384138,0.078,55.21977118196277,0.551360169910696,72.21917701677256,56.37026007208215,39.65666163373827
707.945784384138,0.079,55.92771696634691,0.7810115958979758,71.962876240473,56.056674056779684,39.35222392493845
707.945784384138,0.08,56.63566275073104,1.0486773462212384,71.70838830258926,55.746558732673,39.05242482870303
707.945784384138,0.081,57.34360853511519,1.3536183793262198,71.45569403606007,55.43985676712398,38.75715913041277
707.945784384138,0.082,58.051554319499324,1.6951136412304812,71.20477454309788,55.13651208368349,38.466324773642974
707.945784384138,0.08299999999999999,58.759500103883454,2.0724595165278483,70.95561119047657,54.836469827920595,38.179822742545504
707.945784384138,0.08399999999999999,59.46744588826759,2.4849692996944004,70.70818560491742,54.53967633435578,37.89755694944824
707.945784384138,0.08499999999999999,60.17539167265173,2.9319726858122674,70.46247966857153,54.24607909445689,37.61943412740439
707.945784384138,0.086,60.883337457035864,3.4128152798722073,70.21847551459611,53.9556267256588,37.34536372743878
794.3282347242822,0.061,48.45402231818121,3.279858889475004,76.87379027744747,62.293709582724965,45.662003333743414
794.3282347242822,0.062,49.24835055290549,2.7295963021734977,76.58345313361045,61.910990108587505,45.25884847491803
794.3282347242822,0.063,50.04267878762978,2.2333164534986363,76.29530093193682,61.532945567839626,44.86275030603629
794.3282347242822,0.064,50.837007022354065,1.7898654328578467,76.00930909894646,61.15949079925484,44.4735251555338
794.3282347242822,0.065,51.63133525707835,1.3981208919388246,75.72545342830506,60.790542697236276,44.09099567129135
794.3282347242822,0.066,52.42566349180263,1.0569909562418407,75.44371007399236,60.42602015028248,43.71499055116076
794.3282347242822,0.067,53.219991726526914,0.7654131821842123,75.16405554362248,60.06584398163848,43.34534428716348
794.3282347242822,0.068,54.014319961251196,0.5223535575297027,74.8864666919121,59.709936892043,42.9818969225594
794.3282347242822,0.069,54.80864819597548,0.32680554302373466,74.6109207142931,59.35802744059489,42.62449382103694
794.3282347242822,0.07,55.60297643069976,0.17778915323414046,74.33739514066556,59.01023373201888,42.27298544732418
794.3282347242822,0.07100000000000001,56.397304665424045,0.07435007470903776,74.06586782928784,58.66649538427051,41.92722715856736
794.3282347242822,0.07200000000000001,57.19163290014833,0.015558819668144652,73.79631696080006,58.32674186264943,41.587079005865235
794.3282347242822,0.07300000000000001,57.98596113487261,0.0005099135417609979,73.52872103237772,57.990904253627086,41.25240554538693
794.3282347242822,0.074,58.78028936959688,0.02832111476373722,73.263058852012,57.6589152190014,40.92307565853786
794.3282347242822,0.075,59.57461760432116,0.09813266531103082,72.99930953291357,57.33070895156844,40.59896238067199
794.3282347242822,0.076,60.368945839045445,0.20910657056360815,72.73745248803728,57.00622113225497,40.27994273788025
794.3282347242822,0.077,61.16327407376973,0.3604259071344649,72.47746742472377,56.68538888865739,39.96589759141441
794.3282347242822,0.078,61.95760230849401,0.551294157390932,72.21933433945598,56.36815075493487,39.656711489332814
794.3282347242822,0.079,62.75193054321829,0.7809345694560759,71.9630335127273,56.05444663300697,39.352272524979874
794.3282347242822,0.08,63.546258777942576,1.0485895415417543,71.7085455040185,55.744217755007554,39.05247220193486
794.3282347242822,0.081,64.34058701266686,1.3535200295248564,71.45585114688096,55.43740664694921,38.75720530508761
794.3282347242822,0.082,65.13491524739115,1.6950049767339275,71.20493154412368,55.13395709355388,38.46636977751919
794.3282347242822,0.08299999999999999,65.92924348211541,2.0723407649664347,70.95576806310108,54.83381410420728,38.179866602884985
794.3282347242822,0.08399999999999999,66.7235717168397,2.4848406858064425,70.70834233109962,54.53692387999665,37.897599693015316
794.3282347242822,0.08499999999999999,67.51789995156398,2.9318344313593796,70.46263623082072,54.24323378179253,37.61947578046559
794.3282347242822,0.086,68.31222818628827,3.4126676035651435,70.2186318959572,53.95269229933721,37.34540431576351
891.2509381337459,0.061,54.3663072261585,3.2799818806464742,76.8739177112104,62.29131042929343,45.662059067863595
891.2509381337459,0.062,55.25755816429224,2.729707322960647,76.58358083493657,61.90847668128553,45.258902722693016
891.2509381337459,0.063,56.14880910242599,2.2334157276546938,76.29542887240885,61.53032228663679,44.86280310045156
891.2509381337459,0.064,57.04006004055974,1.7899531850318198,76.00943725099634,61.15676196015638,44.473576529308275
891.2509381337459,0.065,57.93131097869348,1.3981973472400728,75.72558176519046,60.787712472248316,44.09104565683765
891.2509381337459,0.066,58.82256191682723,1.057056339840826,75.44383856977387,60.423092587801094,43.71503918055004
891.2509381337459,0.067,59.71381285496098,0.7654677189468151,75.16418417314144,60.06282300721225,43.345391592094614
891.2509381337459,0.068,60.60506379309472,0.5223974716827167,74.88659543076903,59.706826309463175,42.981942934331926
891.2509381337459,0.069,61.49631473122847,0.32683905784949085,74.61104953882688,59.355026897163405,42.624538570527505
891.2509381337459,0.07,62.38756566936222,0.17781249079198935,74.33752402793307,59.00735094348726,42.27302896496622
891.2509381337459,0.07100000000000001,63.27881660749596,0.0743634555820476,74.06599675704436,58.66372634092869,41.927269474333734
891.2509381337459,0.07200000000000001,64.1700675456297,0.01556246273303663,73.79644590748006,58.324082651803685,41.58712014925336
891.2509381337459,0.07300000000000001,65.06131848376346,0.0005040357605377022,73.5288499770763,57.988351060432535,41.25244554540638
891.2509381337459,0.074,65.9525694218972,0.02830593099543166,73.2631877744668,57.65646432693706,40.92311454370029
891.2509381337459,0.075,66.84382036003093,0.09810838814226086,72.99943841348737,57.32835674259093,40.59900017898276
891.2509381337459,0.076,67.73507129816468,0.20907341015645087,72.73758130770082,57.00396408666325,40.279979476832104
891.2509381337459,0.077,68.62632223629844,0.3603840710905053,72.4775961650393,56.68322358469921,39.96593329798264
891.2509381337459,0.078,69.51757317443217,0.5512438506303436,72.21946298256117,56.36607386818247,39.65674618997196
891.2509381337459,0.079,70.40882411256592,0.7808759941106449,71.96316204131959,56.05245493552777,39.35230624562172
891.2509381337459,0.08,71.30007505069968,1.0485228968607583,71.70867390133994,55.74230811435334,39.05250496798767
891.2509381337459,0.081,72.19132598883341,1.3534455117930735,71.45597939670348,55.435576024985245,38.75723714143645
891.2509381337459,0.082,73.08257692696716,1.6949227792006645,71.20505963073471,55.132202545148,38.46640070852721
891.2509381337459,0.08299999999999999,73.9738278651009,2.0722510777849026,70.95589597128966,54.83213277579676,38.1798966523956
891.2509381337459,0.08399999999999999,74.86507880323465,2.484743695982722,70.70847004614289,54.53531300804976,37.89762888435514
891.2509381337459,0.08499999999999999,75.75632974136839,2.9317303227102105,70.46276373847066,54.24169069117978,37.61950413644816
891.2509381337459,0.086,76.64758067950214,3.412556556683886,70.2187591824279,53.95121440162592,37.34543185869356
1000.0,0.061,61.0,3.2800744156085866,76.87402099964548,62.289627213360994,45.66209826212588
1000.0,0.062,62.0,2.7297906958641933,76.58368427154319,61.906867571010295,45.258940738696424
1000.0,0.063,63.0,2.233490137748159,76.29553243376115,61.52878449120432,44.862839968549714
1000.0,0.064,64.0,1.790018831015983,76.00954091440168,61.15529276150869,44.473612279435955
1000.0,0.065,65.0,1.3982544269439434,75.72568550866872,60.78630922607644,44.09108031848442
1000.0,0.066,66.0,1.0571050499281718,75.4439423720374,60.42175272417241,43.71507278273772
1000.0,0.067,67.0,0.765508254650749,75.16428801357554,60.06154403087226,43.34542416335804
1000.0,0.068,68.0,0.5224300265665442,74.88669928941317,59.70560579984782,42.98197450270304
1000.0,0.069,69.0,0.3268638235916206,74.61115339635622,59.35386250815509,42.62456916352214
1000.0,0.07,70.0,0.17782965699337328,74.3376278656408,59.00624040294465,42.273058609573475
1000.0,0.07100000000000001,71.00000000000001,0.07437320959415339,74.06610055682424,58.66266745001768,41.92729819700764
1000.0,0.07200000000000001,72.00000000000001,0.01556498950513685,73.79654965180978,58.323073284154766,41.58714797590664
1000.0,0.07300000000000001,73.00000000000001,0.0004995177046565047,73.52895364900112,57.98738916114699,41.25247250140615
1000.0,0.074,74.0,0.028294547867670605,73.26329135758371,57.655547911462904,40.923140653865254
1000.0,0.075,75.0,0.09809031693922599,72.99954189192974,57.327483895487084,40.599025467582216
1000.0,0.076,76.0,0.20904882502575672,72.73768466612344,57.00313296026922,40.280003967586005
1000.0,0.077,77.0,0.3603531432540352,72.47769938860395,56.682432397725236,39.965957014063115
1000.0,0.078,78.0,0.5512067483195504,72.21956605692247,56.365320904234366,39.6567691540058
1000.0,0.079,79.0,0.7808328825126742,71.96326495261133,56.051738541578736,39.352328479693846
1000.0,0.08,80.0,1.048473938074848,71.70877663616174,55.74162669917411,39.052526493645516
1000.0,0.081,81.0,1.353390864796034,71.45608194210801,55.43492805754268,38.75725797969505
1000.0,0.082,82.0,1.6948625998210667,71.20516197421502,55.131586552981005,38.46642087987502
1000.0,0.08299999999999999,82.99999999999999,2.072185518685112,70.95599810076702,54.831547343378034,38.179916176800845
1000.0,0.08399999999999999,83.99999999999999,2.4846729066479436,70.70857194995492,54.53475677514013,37.89764778127277
1000.0,0.08499999999999999,84.99999999999999,2.931654449444424,70.46286540535985,54.24116235118181,37.61952242482713
1000.0,0.086,86.0,3.4124757426114822,70.21886060153038,53.950712699942606,37.34544955698463
